subject_id,photo_id
ikt5hpg4u--nWYDSMAfZXOVZhhah-YtX7p6p7q8Hg6I,d151534ec2286935a58485f594f95464
ikt5hpg4u--nWYDSMAfZXOVZhhah-YtX7p6p7q8Hg6I,8659001c5f3d675871b418c374b886d0
ikt5hpg4u--nWYDSMAfZXOVZhhah-YtX7p6p7q8Hg6I,0cf8bc3ab37436850dd21e301f6a2b1a
AcXtVN5DaisfM7J3T6N5F-ZePD30WawSdWJa-8IEPpA,38626dc8402b497be1796c5668f5f4eb
AcXtVN5DaisfM7J3T6N5F-ZePD30WawSdWJa-8IEPpA,020ee6e3d2db84419b49e08f7da4ecbc
AcXtVN5DaisfM7J3T6N5F-ZePD30WawSdWJa-8IEPpA,20334768e52890823bde00328c840938
AcXtVN5DaisfM7J3T6N5F-ZePD30WawSdWJa-8IEPpA,cbfb0af67471fe87d7c80cbd8320a6cb
AcXtVN5DaisfM7J3T6N5F-ZePD30WawSdWJa-8IEPpA,8c51496ac8900c3b1412e593b026722d
6JWWSl4hJ08_707MzdBolsPOvdgW74O4q1U9WVUG4co,640a12dfb3c6b7ac7cbdcc3afcd8c709
6JWWSl4hJ08_707MzdBolsPOvdgW74O4q1U9WVUG4co,9cb55431362ad90738194c17e1431deb
HaE2Jiu7OrRAJrWV2k6EHxguAzayIdgigQFgAO4lK_Y,42a72eab832136998f09898cb819a3f7
HaE2Jiu7OrRAJrWV2k6EHxguAzayIdgigQFgAO4lK_Y,23c33fce757c161f712d3f2b12c1c466
aHeOj3t0BEox4aP4LnA_-f1WdN2R74ZTzLBTt-i5C8g,d55ceca8d3b04d720983bb9d2692bcb1
aHeOj3t0BEox4aP4LnA_-f1WdN2R74ZTzLBTt-i5C8g,e678050c4f763c87a629a0cc973b5a0c
btOHuy9F574uufhlQE4b0KKjMzeZ5MVkUWK4XJstSfQ,f30ae7030a32f106ef0e74c9aafaf56a
btOHuy9F574uufhlQE4b0KKjMzeZ5MVkUWK4XJstSfQ,c26aed30772e2f1534677e3b92483f4f
oMdk3OxkzuvOn1WINMez5L4rfCmYscyZlkWoMw3Y8J8,46e5854bfb85431c389d42b546fe140b
oMdk3OxkzuvOn1WINMez5L4rfCmYscyZlkWoMw3Y8J8,e760f00bcc6603d6eb345fbe723b3a4b
O5SXSso26InqB8u8nVz1HqKx_QfzDDR4OKZGAXYO878,fef8cae0483b0229cf0673b23c659096
O5SXSso26InqB8u8nVz1HqKx_QfzDDR4OKZGAXYO878,97a78d8cbcbf66e4815ac6917a4c2d68
o0zjtk8Whbm9Pf77k6cVPACb4bL6zCwFw0Byny04B-Y,1b9d3f05ffa792cf6814ccffac1a8f2c
o0zjtk8Whbm9Pf77k6cVPACb4bL6zCwFw0Byny04B-Y,e25e6b19d2b88ea65008ac2ecf4e8bbe
o0zjtk8Whbm9Pf77k6cVPACb4bL6zCwFw0Byny04B-Y,054cfb4abae8f257a63eaa236cf42543
OvyEaZuMCNilPx5t1XZqZZLSW-86CWI51q7cDZFHqCk,72ca11a85aab565d6b433be79e2bdafb
OvyEaZuMCNilPx5t1XZqZZLSW-86CWI51q7cDZFHqCk,8d9f46c19eb383c5cc4acb0cff373139
4QBR34Xt4joslUTlYKpR0cRqjd3xWW4r3-BQBDxTTzo,84a092d259291a5170731b6192d59332
4QBR34Xt4joslUTlYKpR0cRqjd3xWW4r3-BQBDxTTzo,19d8f7536a2ebc2bc178705f61b382e3
YIo9tBpN-5zvDMu_wB9S-wsjLnXi8iX2PrvTV67S0TQ,1b6ec0c1244b31286201b38dfc919065
YIo9tBpN-5zvDMu_wB9S-wsjLnXi8iX2PrvTV67S0TQ,592eff845d373eea9ea89850e86ac0ea
YIo9tBpN-5zvDMu_wB9S-wsjLnXi8iX2PrvTV67S0TQ,7c6a15abd60996169dd962be7a86f49c
5pSIIWpKbkRc51xX68ZYZFe1n1nViHZm_2Cep8keaow,9b8fe3113544edb671d0e4f324f1b1b0
5pSIIWpKbkRc51xX68ZYZFe1n1nViHZm_2Cep8keaow,82396732741a3cf3e6259ff2f70e0b2b
5pSIIWpKbkRc51xX68ZYZFe1n1nViHZm_2Cep8keaow,efa17d006299ba983df083b60f938990
nS0ry-XYHsv_vUuNHsEGzWkFaLfV_-D4qcauFyU5e5E,7eb4fa43063a7dbad71e66a2e1dab3ad
nS0ry-XYHsv_vUuNHsEGzWkFaLfV_-D4qcauFyU5e5E,b3cf643876bed150c2fd576b94854ead
nS0ry-XYHsv_vUuNHsEGzWkFaLfV_-D4qcauFyU5e5E,f1b0550886e3320a37b39535b4fc796f
nS0ry-XYHsv_vUuNHsEGzWkFaLfV_-D4qcauFyU5e5E,a59063dd37a548a91d9373a01e6f4c8b
w1-o7ZTIxV1_Ny-2JD9HhO1vMWfa1rDq7m4tMKBb6is,3b68d0c94c1a687c891f3f16c508db2c
w1-o7ZTIxV1_Ny-2JD9HhO1vMWfa1rDq7m4tMKBb6is,feca6855641c9077d6970ac0d39b9cc4
w1-o7ZTIxV1_Ny-2JD9HhO1vMWfa1rDq7m4tMKBb6is,ed65f8df77cec5791e3c90dcb3978306
w1-o7ZTIxV1_Ny-2JD9HhO1vMWfa1rDq7m4tMKBb6is,f7fc19506775e8416b06ffc8cefb8fbb
59bc275b681516389ccf413e,8733e4974c4601dfad4396ea4797c362
59bc275b681516389ccf413e,c8a2235d2894304c90bd2bfcd4f87eae
59bc275b681516389ccf413e,5a17a11a84c6159d4eb28ae4c0787c44
TOtQ_v8BNfJOWAO-S2m9Stbi7-LlLuQbNFo42V_NBMM,133eac2b59539c7f6df5ce0eb8958c62
TOtQ_v8BNfJOWAO-S2m9Stbi7-LlLuQbNFo42V_NBMM,72c7eaeb13545261b1c734e1469b51ed
TOtQ_v8BNfJOWAO-S2m9Stbi7-LlLuQbNFo42V_NBMM,146ad4331f8cfaa217d258b70c5ae34e
bKMYnsiSZuBYnupiy-iq6fB5nk2xewgNBHEyINemHbk,a4c01e8f97da83b843b6d4700f9c3f88
bKMYnsiSZuBYnupiy-iq6fB5nk2xewgNBHEyINemHbk,efa76aced42f58b610eed0e5f6bd7690
bKMYnsiSZuBYnupiy-iq6fB5nk2xewgNBHEyINemHbk,426b8888ac45f3298b0ee421e0e0994c
bKMYnsiSZuBYnupiy-iq6fB5nk2xewgNBHEyINemHbk,071f479293174604f9ef19c6e709cf6a
bKMYnsiSZuBYnupiy-iq6fB5nk2xewgNBHEyINemHbk,53aa0a4457272e7455774fc5da745982
bKMYnsiSZuBYnupiy-iq6fB5nk2xewgNBHEyINemHbk,abbc7348b47b44d80eb5b5a5408bdca3
SuHT4VFjz3c-u5kPENTxcyiiIfbmuY54LLExUy_fGm4,0a07fa356b190db8a07c0fe7be238a85
SuHT4VFjz3c-u5kPENTxcyiiIfbmuY54LLExUy_fGm4,7934ebae9642a3b8e3a72bd9313af122
SuHT4VFjz3c-u5kPENTxcyiiIfbmuY54LLExUy_fGm4,c232c07a9ebf420c7ff5c723dba4b912
VvD4Ax4aSvkvxGqw-87OJhQBUwh1M8gRJ9hrT30tdig,83ab6c9b0bddc0063f703fa08efea460
VvD4Ax4aSvkvxGqw-87OJhQBUwh1M8gRJ9hrT30tdig,de2638b604c4bad75c7a0e7042b23d3a
VvD4Ax4aSvkvxGqw-87OJhQBUwh1M8gRJ9hrT30tdig,2a95d2e3fc70c7150a8fd1191109c8f7
VvD4Ax4aSvkvxGqw-87OJhQBUwh1M8gRJ9hrT30tdig,ad16acbd380050c55ca65542fda0e2af
Qoex7Nn4NUcDKndMUpAxaK3YZp3Ld53G5rXWai6ogBQ,f6113d97083a2ee5cf32e4a9ca721a1e
Qoex7Nn4NUcDKndMUpAxaK3YZp3Ld53G5rXWai6ogBQ,7e717ad7bcd465ed219ea533b09a5498
vwclMeCf6yVTZohEHBar99joiWwKKky7-8CN5dqG86E,b29469ce14402056763b9e0e020feeb2
vwclMeCf6yVTZohEHBar99joiWwKKky7-8CN5dqG86E,bf8f635a89377608dce22e8f8ad4f628
vwclMeCf6yVTZohEHBar99joiWwKKky7-8CN5dqG86E,716a0bd8f73bff145d8bee1d2bdfdd33
vwclMeCf6yVTZohEHBar99joiWwKKky7-8CN5dqG86E,edab7688e5cb0e55509fb19cda2f548c
vwclMeCf6yVTZohEHBar99joiWwKKky7-8CN5dqG86E,d13a400520f7a6ab65af4ea48e554e7a
vwclMeCf6yVTZohEHBar99joiWwKKky7-8CN5dqG86E,19be84d57510cb5e81282bb634a50961
c2wRe4_1XQ8SgSyvdQ1q_3dSqL1z6UENXH7995g_JcM,7b2af5523a4737b76860dc42c367d1a0
c2wRe4_1XQ8SgSyvdQ1q_3dSqL1z6UENXH7995g_JcM,42b6d5db1a742836ddbc76a23e43a186
C4eUasGyUmouxCn3dW_VQGEmcQZq2H1iQewpHcAnpY4,77988371060e0cfaf133b573c027c652
C4eUasGyUmouxCn3dW_VQGEmcQZq2H1iQewpHcAnpY4,db39b01d84a6c4c4698fd86e4a7b75da
lHX6VSH7bq6HPViCboPODe1428VJgu_a_khhsTNbBoM,ed04c439638a78fd94b193dd23676769
lHX6VSH7bq6HPViCboPODe1428VJgu_a_khhsTNbBoM,1cd6db9de4fb6b8da7a5770f6ddc70eb
rQ5474HoKQQuFWh9F7AhX6apIMVJQS7jQk8h30a_W5A,d19f307e1d3ad306261730d6cc2cfde8
rQ5474HoKQQuFWh9F7AhX6apIMVJQS7jQk8h30a_W5A,acab23e6ea049a29f7f73606addc3b2c
5TM9fQDmC20gmmXZuGLU0ucsepZRpx_SI-cW_afGpuk,ac73ee459b86e00088135236dc986d5f
5TM9fQDmC20gmmXZuGLU0ucsepZRpx_SI-cW_afGpuk,30e58ff4dc18ce9adbff1d350689b4a3
59bc2765681516389ccf4506,bb9d1ddf8c685c1c20a8fbf5e739b82f
59bc2765681516389ccf4506,530419c3b46dbea63cc4dc76c7b322bf
_ovr03EQ9z5Yb7WgWcF-GvQ1NGf6WISE41AdeKpPUHA,b856f902c31b52ee69bfc64a7dd254df
_ovr03EQ9z5Yb7WgWcF-GvQ1NGf6WISE41AdeKpPUHA,f795e84dc1bff4ea8e6a6ac45bc1f27f
_ovr03EQ9z5Yb7WgWcF-GvQ1NGf6WISE41AdeKpPUHA,925d39030bdaa0c12e07042ed147f8d0
iMd1IQa4iCtLJGl96B-v3YLA43q5PKkHPLq_NErNHn8,181c97707a9fcecbc2dce460a5e8035f
iMd1IQa4iCtLJGl96B-v3YLA43q5PKkHPLq_NErNHn8,62c050ccf73b861829bea8c482f8846f
w1S9C2SVqoRaq78o9aRcm2V2EQgZM8QKNKon8CGQlqw,20f6569481f3d8f6bc15f3e1dd7077ec
w1S9C2SVqoRaq78o9aRcm2V2EQgZM8QKNKon8CGQlqw,363f744589364dd2f17b16a8b0709f8a
Ylq97JrtAQT98-f2DO2SS8hFakH_M0wum2bLEq05Rts,9b38db8e7b320295853d099c3a7f9e49
Ylq97JrtAQT98-f2DO2SS8hFakH_M0wum2bLEq05Rts,944cab26cfb70bf26b69190eb8c07c1c
R8NuQWMLxyAqIMg7Qpko_JpOGiaFOPPPtRJyO7M0EKI,1843d827372aa2c59774bb2a12f0b165
R8NuQWMLxyAqIMg7Qpko_JpOGiaFOPPPtRJyO7M0EKI,e6ef5b51481f4fe5838220ffff46ab4a
R8NuQWMLxyAqIMg7Qpko_JpOGiaFOPPPtRJyO7M0EKI,cb732197f6042caae21ae0240073f719
R8NuQWMLxyAqIMg7Qpko_JpOGiaFOPPPtRJyO7M0EKI,0f98eaef9657cf725e105a5cc5dc284e
_3-R25JI0YzASz7y_uVjaSarVvBOgqdH232OnjLTc3k,e225fda534e00e24cb4f90f84df90af2
_3-R25JI0YzASz7y_uVjaSarVvBOgqdH232OnjLTc3k,0567034b481dc77636f8864a11cdcf01
_3-R25JI0YzASz7y_uVjaSarVvBOgqdH232OnjLTc3k,45d01bddf24ffe31f9bdf7be378b14c4
nwAfc1j85ArcxylcM7R3QrbLOO7U9nq511DysV5fztA,c425ccf5c0fec1e01e74674053c689fd
nwAfc1j85ArcxylcM7R3QrbLOO7U9nq511DysV5fztA,56c63fd44f94330f50d8866060743d84
v3ClQb9YrQhd827TorO4lK6E0tXA7FdnOJWrVrfLSWw,6cbcef90cf26e73496893b955a13386d
v3ClQb9YrQhd827TorO4lK6E0tXA7FdnOJWrVrfLSWw,2dd964e8d662096b70369252e6879716
v3ClQb9YrQhd827TorO4lK6E0tXA7FdnOJWrVrfLSWw,e65ff0dc4d20662f9c525d14cc37551e
fAGmnLEVTQZRmDX0ss9x1oRHluvHWbfYFRiTKiU4VQE,92fe9fb75e29eeb96fac37cdaa251408
fAGmnLEVTQZRmDX0ss9x1oRHluvHWbfYFRiTKiU4VQE,0a262529974fb675033f1db5ecdc47f1
fAGmnLEVTQZRmDX0ss9x1oRHluvHWbfYFRiTKiU4VQE,59364aa64da9a393bbc633d687c9acb7
fAGmnLEVTQZRmDX0ss9x1oRHluvHWbfYFRiTKiU4VQE,299698ed6025a2f06d37772f67ddddee
fAGmnLEVTQZRmDX0ss9x1oRHluvHWbfYFRiTKiU4VQE,b0ce23ead26ea2f8321922e19a313cb1
lOVaCyaKOXi-xzihW4vbhelKwQg-J_HqxxAsSy731Yw,8fe196e2d113ffbe299c9c61197bd235
lOVaCyaKOXi-xzihW4vbhelKwQg-J_HqxxAsSy731Yw,f891db4042418d15dd481ffeb7cad7c1
lOVaCyaKOXi-xzihW4vbhelKwQg-J_HqxxAsSy731Yw,2e64f623c832be6c9b375cfd2ce8c033
zCYO_1v9_1cSq5-zjqKoPweA8AOYYRDZaaggWwktp14,9c92debd204b0846f427bf1b6bd6fafe
zCYO_1v9_1cSq5-zjqKoPweA8AOYYRDZaaggWwktp14,e95787b6db7d74218b51352e1b511110
zCYO_1v9_1cSq5-zjqKoPweA8AOYYRDZaaggWwktp14,1aec65d51c6393dfaf2bf1596c62365b
pyOXVTifAUGrX1JXm1ZtVzNSAAStwDjKFyyTPcX4UWQ,bde68de824cc421f18ec9cdd07f0d3fb
pyOXVTifAUGrX1JXm1ZtVzNSAAStwDjKFyyTPcX4UWQ,4daed6115c8ca73e422a2f9eb3aaddbd
pyOXVTifAUGrX1JXm1ZtVzNSAAStwDjKFyyTPcX4UWQ,222a154700f4266591c45d341b141763
6eQbm6gjjbOQhKo9bEr_qPN9pD6esc5UyYg5M9nx2j8,7406ee65e9b7dfc5f23e83677119c653
6eQbm6gjjbOQhKo9bEr_qPN9pD6esc5UyYg5M9nx2j8,c19eedb537e0f84217e19351cc5addc7
Wki2pz6WfQdOY9ksDG0Z-f2NId6V-bGffuo12oubG6Y,5a937b3e8a91c7d1badf15fd0779b860
Wki2pz6WfQdOY9ksDG0Z-f2NId6V-bGffuo12oubG6Y,9164d1ff716da838b1371b12455278b1
Wki2pz6WfQdOY9ksDG0Z-f2NId6V-bGffuo12oubG6Y,f7b20d1f54fb24b4d8d3421f390860f5
nX-NtISRMiZ9E5UHCG8bBtwzP-uOLBhfGt3gjXnVoaE,a2134e7cfe37d3c5442810d33038e919
nX-NtISRMiZ9E5UHCG8bBtwzP-uOLBhfGt3gjXnVoaE,08f25975fa0087959b8b5a4527e7d21e
nX-NtISRMiZ9E5UHCG8bBtwzP-uOLBhfGt3gjXnVoaE,fb43bda6f62ce51857c9789b1efe50d1
nX-NtISRMiZ9E5UHCG8bBtwzP-uOLBhfGt3gjXnVoaE,c46cd04de511b46be77fa54603d44695
G_BvRqeilfd-QcsunGbp420g3hBQUozky4eae3q-aWU,ce9ff6b81d60ea89c2b682595b7b5953
G_BvRqeilfd-QcsunGbp420g3hBQUozky4eae3q-aWU,1826526e8f562659ededa49526d0c1ba
G_BvRqeilfd-QcsunGbp420g3hBQUozky4eae3q-aWU,5a61a053832254b5f640ed6dec4e8170
YBu9EUNDHErCipT3oBRk0DJLU3ckB3du_10pnb_Bcto,04284659a1f84df1ece0ad8bf3331fa3
YBu9EUNDHErCipT3oBRk0DJLU3ckB3du_10pnb_Bcto,14928fcef1ceb3e31d76113fa443de5a
cDIyarQNfRqEmwKfPmk5N2AdnyRBD_11FgqJqOa4Jrs,47caefce626565b9a7c446e15fd9e180
cDIyarQNfRqEmwKfPmk5N2AdnyRBD_11FgqJqOa4Jrs,69f8ed9bd43a83fe80af8e94cacf1cd0
0TB8jga-bvUKDzamFAMxKP2Wi5FZbz4CjoDbaJR5rL0,3384546ee9c8e91629acd2ecd22ed3ff
0TB8jga-bvUKDzamFAMxKP2Wi5FZbz4CjoDbaJR5rL0,bc63810b619d70f42452f2432b1da652
dvjGm4-TJHm2M9vd8Pz8yfzM6iMUytUB_WwBVu3oP6o,026777ea9c314f59f9250c258a77f2da
dvjGm4-TJHm2M9vd8Pz8yfzM6iMUytUB_WwBVu3oP6o,1b9370835b0f5c6adb8da6bc3b94586b
0jBQ2v3WgYwJnB4fk9KcmKxsqjfc7FJjqbhodVZ5B3s,960d8574198b71acce45ab42d591055b
0jBQ2v3WgYwJnB4fk9KcmKxsqjfc7FJjqbhodVZ5B3s,9f3f8b6400fe7a8c547cce376e99c909
1AJevVtpMGE2aHjT-G-uV1tCgLvUtogrEeOXGtYr6lU,aef90a7a904c51e099aa3ba99ac9bf21
1AJevVtpMGE2aHjT-G-uV1tCgLvUtogrEeOXGtYr6lU,646c74d371db5d667a1ae358b230a4b9
lj_E0rjQIchHtS8Fo5tbDSR2pwF0GWPTCc0wJxdz8Pk,c80f356398d4e67dd71b0b1083c75b51
lj_E0rjQIchHtS8Fo5tbDSR2pwF0GWPTCc0wJxdz8Pk,c06ac045972fa7fbbbb4c2f1e9d90172
lj_E0rjQIchHtS8Fo5tbDSR2pwF0GWPTCc0wJxdz8Pk,6d626b4779e5ad7835f6938cbc500ea2
ODuK-nE1GXeZcIl0NeN_jBxCzTMZpnBnOTcnOmFntOg,912397663da254c9d10f43397a0c06c4
ODuK-nE1GXeZcIl0NeN_jBxCzTMZpnBnOTcnOmFntOg,6da6d597ed00e5f339661ea79cca87b2
60qM1XQwZ1nYEa4xkAKSEeQPXDMZhARQQ7-eoib8NLg,ac7ae2f5ffd5db5153647ef407008e62
60qM1XQwZ1nYEa4xkAKSEeQPXDMZhARQQ7-eoib8NLg,f66fc76d5d55d8fe4a73363571c25f68
j7DEL6vSQ6axTzcQzLuswrQ-oCXpNjdZ3aXhK9TQttg,329622f666718d79156fc357bfe9dd58
j7DEL6vSQ6axTzcQzLuswrQ-oCXpNjdZ3aXhK9TQttg,a903c8ef6c89e6ef51475704739d258f
tGvG_2rJZpK50WjbuuLzqs04zvIpJWt5wlSE1ucBzBQ,df8995aea18f6b6b3bd5343b7384a342
tGvG_2rJZpK50WjbuuLzqs04zvIpJWt5wlSE1ucBzBQ,6c5a57e3d1b89c1c9c87f2562676786e
vzqB2fio0A12TbuTFf9yA1x4WXQ3iLVjrZGB48I1Fek,38e9a3809e57e8abb874e2c5f8643da1
vzqB2fio0A12TbuTFf9yA1x4WXQ3iLVjrZGB48I1Fek,6f5a977e4afdf0c0f0372747caba4e84
GR0OfDwU5g67sz2zOj5aMhSgH7dbefnoTZVd-wlrp-o,0955d0295f4502b449426f25c40c4358
GR0OfDwU5g67sz2zOj5aMhSgH7dbefnoTZVd-wlrp-o,f262404c5d1967612b5b3096855802f0
GR0OfDwU5g67sz2zOj5aMhSgH7dbefnoTZVd-wlrp-o,7c0841f2898a7d3bb532b2ace8fac861
pgOZ3BgwXku9lDmAQ7bFtQdiarb04U-RoyF4ns_Lqtk,25134b2d2964e55e492b3537d729a744
pgOZ3BgwXku9lDmAQ7bFtQdiarb04U-RoyF4ns_Lqtk,beaf52d4ffdd0be528e70fdd2644b5ee
naYKao4sDoli1ERR94Ueil_W36fBi1-LIdN3pp7epRw,8ef84a8bb85e5e46d8984469d73f8c84
naYKao4sDoli1ERR94Ueil_W36fBi1-LIdN3pp7epRw,29ad5a8456d92316d5d27b8a31c25b3c
b7IkkTbRUyhi-RbIZjSibLOfbE5qWJyWHk7GPCAM__w,13267159ff5a8ddb8308604d23311143
9IC9WEy5Pe3-L68GBQ2up5wFt93AaC7DRS8oaNiWQbg,94974d61844087f4193a552ae9e51c2c
9IC9WEy5Pe3-L68GBQ2up5wFt93AaC7DRS8oaNiWQbg,56ae97e48169fab5fcf1c94b604be9e0
t9DaCSdjNVqTqRXmDIhtx0hYGqwNuQQv4x8O3Qu0En0,5bf5d36ec054586340da8a6fe4babe64
t9DaCSdjNVqTqRXmDIhtx0hYGqwNuQQv4x8O3Qu0En0,629870950c12326cfd7ce35bd4a7a100
SIHAb6fgQDObq-GM6uTbh6snDvVmC0A2B-GKzkEUssI,a6c0c60de62df86f75565357dcb89fa3
SIHAb6fgQDObq-GM6uTbh6snDvVmC0A2B-GKzkEUssI,13491581ea099f3ad23431b6920637c6
SIHAb6fgQDObq-GM6uTbh6snDvVmC0A2B-GKzkEUssI,214ebe26e52cd8cde16b99fc733d056a
mrJrmDWqztxtflUdZLjP22a4Zc3BmKrenkQbNvvUY48,7fd604db06a8421cfeac3dbaca1c4e1e
mNmNJAO5YfrQkqGe_gEMVbmpSzq3NOffDz3VbzAfnbQ,fe5be105fa09b2075f8ba55a45e6d4bf
mNmNJAO5YfrQkqGe_gEMVbmpSzq3NOffDz3VbzAfnbQ,2a61a329a51750399ac498cafad6fb54
pyOXVTifAUGrX1JXm1ZtVzNSAAStwDjKFyyTPcX4UWQ,59eb62e8b7dc1853484b433d2a6f3245
pyOXVTifAUGrX1JXm1ZtVzNSAAStwDjKFyyTPcX4UWQ,7d016a7d924ab8ff28c4fc24f5b63146
pyOXVTifAUGrX1JXm1ZtVzNSAAStwDjKFyyTPcX4UWQ,687ac4617b11d91e13ed3aac024604bd
1THGPmtU9KHCGD7ez1tG3OzJ8mhohHH54gB7AHMtZWE,e9aaed9867a2f9b8dc3093a2001d6b1e
1THGPmtU9KHCGD7ez1tG3OzJ8mhohHH54gB7AHMtZWE,b676dfd36a067a0f14aeb0f47d23b72a
hckJ_LzZXQZ93unUDPNdIPq4MLzZt8jGff80_MUNPI0,e0125d4fe5b034af7be09ff3a1416f76
hckJ_LzZXQZ93unUDPNdIPq4MLzZt8jGff80_MUNPI0,3079894ae08e568b37158b85cd8e8230
PZChhSxVuyO9f5UK6WhnoQBCrQvCG0QpFcT8l26ygZY,e118f89e2077c710276d9d91cfd857e4
PZChhSxVuyO9f5UK6WhnoQBCrQvCG0QpFcT8l26ygZY,ca7e7e8fb8232b9478eeeed3a583cbf9
PZChhSxVuyO9f5UK6WhnoQBCrQvCG0QpFcT8l26ygZY,430b5ceb064f4e05a551ee0c5aeaf455
IGrg9yndQwo4NQP8Y6-gMZOXHdE6vlEDIlS4G6baKPs,9f2fe312f5ad11747e4ce016119fc199
IGrg9yndQwo4NQP8Y6-gMZOXHdE6vlEDIlS4G6baKPs,03fe8b72853794489e1ee3733c232104
IGrg9yndQwo4NQP8Y6-gMZOXHdE6vlEDIlS4G6baKPs,aa581baef3fdc5261de163743cba20e2
Vu3CEIT1WYp4K9S2HWJ3qzqZLWD4PST3jbsITykDpQU,fc497ce9fc1d116bbde9ff39e869e93a
Vu3CEIT1WYp4K9S2HWJ3qzqZLWD4PST3jbsITykDpQU,dd4b3bfda15bac1337d4f1a7cddd8bc6
cTfAPRBOZ-XM_N5yTgv5klsdslP7k3shffq5KzfSs3w,f57abb7779ebcf9bfe8a303e646b5165
cTfAPRBOZ-XM_N5yTgv5klsdslP7k3shffq5KzfSs3w,fc242ce05f8943b532e503cc893d0d1d
cTfAPRBOZ-XM_N5yTgv5klsdslP7k3shffq5KzfSs3w,61a2a840d2d22b9a7b4707e1c9060998
Qg_1gS-w_FZnpERPqh8qtVuvG0mC09gNs1SZ076J9P0,bba89b7edfb95881b0e89eea762b0748
Qg_1gS-w_FZnpERPqh8qtVuvG0mC09gNs1SZ076J9P0,e8811f8972670ad7e480e86f9f624e4e
RBvdQf0N8v_cb7bIkfAnJ4-ePj2_0qzlApAcHXvDly0,1abd8208d087def610f7062776bb195b
RBvdQf0N8v_cb7bIkfAnJ4-ePj2_0qzlApAcHXvDly0,03ea49774a128e56c67c40934370c0e9
BDQE9C49TtoYtPGOLcINdrufHgoGZpGuMUFJ_StZPMo,ccddbbdaa06f059ed1d5863424a619a0
BDQE9C49TtoYtPGOLcINdrufHgoGZpGuMUFJ_StZPMo,86b6c0b803631c8be18c16cfcacd0fc0
BDQE9C49TtoYtPGOLcINdrufHgoGZpGuMUFJ_StZPMo,1798176024b06f5dc6ea0d11970e1da2
CfPEXNqdOYjrfMXM6aSmJeLTee7RYB12IbIpvIv85p4,398c88cf092bfccc83c9f2465409aaf3
CfPEXNqdOYjrfMXM6aSmJeLTee7RYB12IbIpvIv85p4,8c7c4a596e5aa2ecb55b6e54f4bd1539
CfPEXNqdOYjrfMXM6aSmJeLTee7RYB12IbIpvIv85p4,bc7942dc0e2deaadf4df65d1bb5c74c8
RJNhxRjFu2mxTZ30pWhdRfaPNQaG0BrZ3G4Yab23rJ4,612f70511f9722e910721d845a99ea72
RJNhxRjFu2mxTZ30pWhdRfaPNQaG0BrZ3G4Yab23rJ4,dcd4bec70d4a3b4ba8279fcb5bc8ea33
z-W3VNHWddUvT2Q6UkY1YWz4bFV3UGmxWW3dKksNMmY,56e737d113c1f60b49a4853e6f3ae6e5
z-W3VNHWddUvT2Q6UkY1YWz4bFV3UGmxWW3dKksNMmY,ed7fe60b99f4603c4e7e503e868cb8f8
z-W3VNHWddUvT2Q6UkY1YWz4bFV3UGmxWW3dKksNMmY,a7a638e23427678279007ae2e2a1e404
z-W3VNHWddUvT2Q6UkY1YWz4bFV3UGmxWW3dKksNMmY,b9ce6eb0edfad03cfef81ab76da2686a
z-W3VNHWddUvT2Q6UkY1YWz4bFV3UGmxWW3dKksNMmY,1ae9957de47d195eded9e95b477ccf8d
bb50fznydqH1fgzmFijGcaLtYv0A7rthQQCCTGRlJU8,6b6e4d951ca8ee5e2799175fc7fa4da5
bb50fznydqH1fgzmFijGcaLtYv0A7rthQQCCTGRlJU8,8e1847f01f11c5da44e4991a2ca3a841
5xqxW4siwJ2JZjsvbGnX4hArqM9rUT1yaya6ceEmzBQ,3a5dd11f1df7cdd1f20b9d90f635e4e8
5xqxW4siwJ2JZjsvbGnX4hArqM9rUT1yaya6ceEmzBQ,9a46eaf4b938078eb7097a56c1be60ca
5xqxW4siwJ2JZjsvbGnX4hArqM9rUT1yaya6ceEmzBQ,1970bbe188765c93897802cc5fef0abe
4rwj1-rYNLdbP_nsUg4bqZ4JhcemGrnFl9KSsWRDRVE,1c64d9298e56963dc0307d1b62fbc284
4rwj1-rYNLdbP_nsUg4bqZ4JhcemGrnFl9KSsWRDRVE,67a7b699708238d38b701c430ee8049c
4rwj1-rYNLdbP_nsUg4bqZ4JhcemGrnFl9KSsWRDRVE,7ae0bdc8dbf55ebc3b9e991a7d3dbaf5
4rwj1-rYNLdbP_nsUg4bqZ4JhcemGrnFl9KSsWRDRVE,afbf20d1fbf7ddcad328392e12cc16f1
GnIrZIVkkbdXzkDmCry74cxFi4LIWwl2S44x5a8_DKI,e20387d721049ee37cc1db6be941a3a6
GnIrZIVkkbdXzkDmCry74cxFi4LIWwl2S44x5a8_DKI,6f248165799465e57c432de4983a176b
GnIrZIVkkbdXzkDmCry74cxFi4LIWwl2S44x5a8_DKI,67251969bf3aa66df49ab6efba449ecd
GnIrZIVkkbdXzkDmCry74cxFi4LIWwl2S44x5a8_DKI,41249801a15e4382cb9d3f9eac8383ed
GnIrZIVkkbdXzkDmCry74cxFi4LIWwl2S44x5a8_DKI,7a038d28af88485f4783f21b0be7a818
G39-mpOUVw6Y2ZSibqFq0W0pHcE78KQj7GQKYb4-tec,fea44629a6dc63b715de453242366aed
G39-mpOUVw6Y2ZSibqFq0W0pHcE78KQj7GQKYb4-tec,e25186bec8d6682ed46e9c2d7f12847b
G39-mpOUVw6Y2ZSibqFq0W0pHcE78KQj7GQKYb4-tec,85e77519c9793f62fe0f0ecf36fcd45a
G39-mpOUVw6Y2ZSibqFq0W0pHcE78KQj7GQKYb4-tec,7e7c92c002c01f5987eaf2705b31658d
G39-mpOUVw6Y2ZSibqFq0W0pHcE78KQj7GQKYb4-tec,f16648ae6fe64f0d824e59fd5604f125
BES8fhGYi5ZlydfdUwF42mpmtZ_7LBx9QrQgIVXm9M0,837247bbd4051ff69cd2235e949dd632
BES8fhGYi5ZlydfdUwF42mpmtZ_7LBx9QrQgIVXm9M0,fdc1b81a8847f65b2af65c22941c07c1
q78uAr4pc-2XghQ2yeabIl1r8Ii76ZC1BNWDnHtieic,0a39ab5e8f25c5d1452eabc9d92c3c19
q78uAr4pc-2XghQ2yeabIl1r8Ii76ZC1BNWDnHtieic,e205a12dd8c07d930fcf087f77c9c538
Na63kNYZzrEHInX4Pld0pc-1FmUsWwHvzJI7w_Srtgc,d9539237b7aab0bca363d485ef056435
Na63kNYZzrEHInX4Pld0pc-1FmUsWwHvzJI7w_Srtgc,b069f52ee1751edccec4f848bc3a1ea5
mScbYUVuYWzIFZr-Uenm7cBMPU4OJr58OZl08B6mO-A,6713dc5ab5e4b8aea17d5a641697045f
mScbYUVuYWzIFZr-Uenm7cBMPU4OJr58OZl08B6mO-A,bf19c4eee74da6c9191f29691fd70338
QJfMd225tzMV8XFrpwqTEYK9xUXkIkXXVbtrtU6D2HM,4a2095b878459d83a17ee86f322deb4d
QJfMd225tzMV8XFrpwqTEYK9xUXkIkXXVbtrtU6D2HM,9b6768daf9907a1e19f8bb35d6632479
QJfMd225tzMV8XFrpwqTEYK9xUXkIkXXVbtrtU6D2HM,28c40b00732da0ecc528a2da7156330f
59bc2768681516389ccf4649,64cd52d181d73c797e437e51ba5de9bd
59bc2768681516389ccf4649,c3a7ecc57f5cbe8e8bb06070f83413c5
uTY5FBgjLxijNJB_uG9Phgf0RqpZGA9waXkl3cUZZOU,ba586392f7b449586b4ebf482b1e8eb3
uTY5FBgjLxijNJB_uG9Phgf0RqpZGA9waXkl3cUZZOU,cff70dd9b69dd0c789c9e72afbb9d24d
cM8HFlUJ7XCSJtkUITL70STBcS0S_1tuKK4Mlt8c2eo,adfbd7df5b8d62817c0646d18838bfe6
cM8HFlUJ7XCSJtkUITL70STBcS0S_1tuKK4Mlt8c2eo,4a4274d72d3c5e9d4035f542365a9b69
8QGTxvQvOppeq5L8fxdmmwBR09prMO5ukTzaSJ-iyFI,a0159896205d8144ed1ef0790c4f3b7d
8QGTxvQvOppeq5L8fxdmmwBR09prMO5ukTzaSJ-iyFI,82864f7ca595132386eb39ea97e00360
hWTpGLivAaSe0tE_IqN2nFF2ArjPTUbNlC89MGdjxPw,99d08e653386b94b3680be3db9ba36d7
hWTpGLivAaSe0tE_IqN2nFF2ArjPTUbNlC89MGdjxPw,dd5c558c657c94ceeadabaab5125ade1
yJUrBXGs72HhyPUsNfLJO5teaG5VR0-Wz-fCZW-L680,7db67596d0636f8582a19c0b5ea489c0
yJUrBXGs72HhyPUsNfLJO5teaG5VR0-Wz-fCZW-L680,4260e8f1ebc9f0eaeae830d20aa3bd8c
KLTrZbpVfBq8gREmwKKoefd9owIgDVeQsTFxMu210NY,9938cf5c82adee785d4e1ff470b61f6b
KLTrZbpVfBq8gREmwKKoefd9owIgDVeQsTFxMu210NY,c16d73ae75b8bfece6cc1a84b8bf0a17
KLTrZbpVfBq8gREmwKKoefd9owIgDVeQsTFxMu210NY,249f665c0516f10442b0942f131d48d3
Edo_RWksTNfibAJuEmufmY8tMCVny2eoGJqHU_StuKE,d877e07ae54303b2919b5d5c74dba966
rVjSAj4Zs8ix3cIcwV_pJ3j8wj4i-JhDRfpRds4TERE,2771acf84b0c54416a035a3d76978df4
rVjSAj4Zs8ix3cIcwV_pJ3j8wj4i-JhDRfpRds4TERE,fdbad2c2006dc4fe26d32bfffab67f85
rVjSAj4Zs8ix3cIcwV_pJ3j8wj4i-JhDRfpRds4TERE,9da3eb31f25de7acb39d3a897202b017
rVjSAj4Zs8ix3cIcwV_pJ3j8wj4i-JhDRfpRds4TERE,d891f7a8f505ba29e82f8b3bf438531b
rVjSAj4Zs8ix3cIcwV_pJ3j8wj4i-JhDRfpRds4TERE,67ec27f75beab17158e62a56353825e1
17dftzvsFs0G2o7C68pLFPFXDCFUoq3Ly0JItV_LAxE,f68af1f76f754b5ea97ab622e32cca0e
17dftzvsFs0G2o7C68pLFPFXDCFUoq3Ly0JItV_LAxE,20db993f42a0e42f7715a6ba0088ef63
y0QIxvL7kr3awB6w2ZSG-FVfXKeR7DCrBsqVql7BAhM,73193317f7da4e89bea1da98e88df0fd
y0QIxvL7kr3awB6w2ZSG-FVfXKeR7DCrBsqVql7BAhM,a3e652ddd46bd78d8851265406ef85a8
F6wa6igx2BT2MGn7VoI_6_P7iJ-Nwqb2kRl690PpyFc,f613b8fcfbbf468409a0e6c311b9454e
F6wa6igx2BT2MGn7VoI_6_P7iJ-Nwqb2kRl690PpyFc,f8ef9e0fa44967f5022f187f9f6a5e39
F6wa6igx2BT2MGn7VoI_6_P7iJ-Nwqb2kRl690PpyFc,3af86aed73364d4d7d27a077b8c0aacf
dGkbbUHmDrosO26yS6FqQgUpR8McngfEQJrRtKnfnvg,faf3b7666611f28ba76093c22a500027
dGkbbUHmDrosO26yS6FqQgUpR8McngfEQJrRtKnfnvg,927c7377c2a83bf231886afb6e781d9f
dGkbbUHmDrosO26yS6FqQgUpR8McngfEQJrRtKnfnvg,44ad566bd8d20c3cc2fe32e64fd579be
w0K2f8Ydmh7_1N0VxeIBKUnmvETZCTouvGfziitms5Q,27d4f5979c9fbd7adda83a4842f88c57
w0K2f8Ydmh7_1N0VxeIBKUnmvETZCTouvGfziitms5Q,657bc22bd1d72a30918448493de55e1f
w0K2f8Ydmh7_1N0VxeIBKUnmvETZCTouvGfziitms5Q,003981667ee238d4fa02d98c7b77efcb
oN2-idLw7Rm54q36EAA_1Jt1wJ2xzi-EzFiKcIZaayE,9e16ff3b6daac47d352a2bacb0ebea40
oN2-idLw7Rm54q36EAA_1Jt1wJ2xzi-EzFiKcIZaayE,5ba57ea310b3a5e0967c20af47163e4c
oN2-idLw7Rm54q36EAA_1Jt1wJ2xzi-EzFiKcIZaayE,f902a621d7559194264c3326ddde311b
B0WEf1gfS0toyENhLbi508wjdezEnB4VWUvueSUoYwg,d1d35610dbfc70ec41aecad1d33868d4
B0WEf1gfS0toyENhLbi508wjdezEnB4VWUvueSUoYwg,ec5823c988b9de3f6569ebf785570566
raDZkxE9KLElp0Kb8DmbUVajIleujTF0gGsA5ZzDq2g,f0c58ad443a32c12e7c45c4ca12902a1
raDZkxE9KLElp0Kb8DmbUVajIleujTF0gGsA5ZzDq2g,b996c2fa8e062760144edb79457a69c9
raDZkxE9KLElp0Kb8DmbUVajIleujTF0gGsA5ZzDq2g,d5a3297d895a14a4c8f3d64c5545bff9
cJhdSENkbMN0ZodggBK38f_kZJGZqkGPADVwcEohI8I,1dca6cfda981742a83b7225f24b77763
cJhdSENkbMN0ZodggBK38f_kZJGZqkGPADVwcEohI8I,4ee8251ae7e4ad42c75644db390fc5c5
T5_1Ztx0qIBb3WNgY74c1ifECdjCEAQymJC7rNUFTQk,a8eb3040caffa9663f4971e9cbc76e06
T5_1Ztx0qIBb3WNgY74c1ifECdjCEAQymJC7rNUFTQk,e59e77368495d9df3b142f013e09ee83
T5_1Ztx0qIBb3WNgY74c1ifECdjCEAQymJC7rNUFTQk,862946d757f69d2e00826efcd5c0c18b
XbMFI5UdatecXydKy7zmrbNYVzDC0U5pFiTbcW1--V0,c3e7119e16b3055495c3687246126faa
XbMFI5UdatecXydKy7zmrbNYVzDC0U5pFiTbcW1--V0,c6f06879c9d6ebe219cbd69e7124a304
XbMFI5UdatecXydKy7zmrbNYVzDC0U5pFiTbcW1--V0,07618360946d816f1dfd37a4b793a3d1
145HjgF9pF3ZfZSv6aYi961ID9ri0SjP24h6z_Vs7n8,672123e3325a5c3c6bf3909d8c254db7
145HjgF9pF3ZfZSv6aYi961ID9ri0SjP24h6z_Vs7n8,8b9e341fe091cba88d3c515985e54b16
rbLZ3JoX6YEvQ_gQ5Byu4y_HfwlX7udlhLGZr5tDMAc,c571f981a941d607648dee87ce80fb74
rbLZ3JoX6YEvQ_gQ5Byu4y_HfwlX7udlhLGZr5tDMAc,d0bf34c2a5fd5e4d0948decaea536cc0
rbLZ3JoX6YEvQ_gQ5Byu4y_HfwlX7udlhLGZr5tDMAc,84cfe9cd039c6b348da5ec8559478f37
lbVpxtyZE8Wp-YG7vcPrkT-QhfopxEMG-nBXwgdqY0g,0bdfc03e62876f93333a9deac4388d18
lbVpxtyZE8Wp-YG7vcPrkT-QhfopxEMG-nBXwgdqY0g,6be6fd51724e6562791dcb518224e392
ADrQjvM6I-RSGe0_27H4bVrFMcLz3-ZgOX_iDb2D7Wc,0d6051e420fd8a60d8b31838b1714f08
ADrQjvM6I-RSGe0_27H4bVrFMcLz3-ZgOX_iDb2D7Wc,d02482212afebbe450b1948a9464a6c9
cPc0TYYxwjT9EmZKXpwFPnjcFFeZTveIrwhAcTXKHFA,8810bee14f5a38954bbb9fa20383c924
cPc0TYYxwjT9EmZKXpwFPnjcFFeZTveIrwhAcTXKHFA,5797d3977eb8f699e618049831cc3c2c
q08r7gS_ZvdJRTZ95a2G-2gWaLlDLF2zXWoG9uxP77E,24e27a7c1f395bcfbd9a13fbb2cff993
q08r7gS_ZvdJRTZ95a2G-2gWaLlDLF2zXWoG9uxP77E,91ac5047455d4f7b9047794add32a6ce
q08r7gS_ZvdJRTZ95a2G-2gWaLlDLF2zXWoG9uxP77E,379361ceb2b85cf2fe6b1ee5a9d830bc
q08r7gS_ZvdJRTZ95a2G-2gWaLlDLF2zXWoG9uxP77E,f6adaa7ea881c8a039dcef64f41f8c6c
q08r7gS_ZvdJRTZ95a2G-2gWaLlDLF2zXWoG9uxP77E,ae0b9e99a763b1ccc90a432d561c900f
K20rwey6FcUr2WrbkeJ87KkUW2q6L0-wgR6JT5iy-G4,9e09776f66aeae207ffb3d5481cd1d01
K20rwey6FcUr2WrbkeJ87KkUW2q6L0-wgR6JT5iy-G4,6cb7c1adac7840be2bae17b82713d505
K20rwey6FcUr2WrbkeJ87KkUW2q6L0-wgR6JT5iy-G4,9179a10944fb9b25433f8b008a5c37f7
K20rwey6FcUr2WrbkeJ87KkUW2q6L0-wgR6JT5iy-G4,0db79161e3465d929405c5b6d9e9957c
K20rwey6FcUr2WrbkeJ87KkUW2q6L0-wgR6JT5iy-G4,0870d8675684285a4002a258a839bc9e
oXJXeWQCkZ6XQPEADaiAImvFuO4e55ImBKrpZUlNqLc,933565c831620a067c62993e13d4f8ea
oXJXeWQCkZ6XQPEADaiAImvFuO4e55ImBKrpZUlNqLc,18a0f0e7da4804f158f37d172eadf9d5
oXJXeWQCkZ6XQPEADaiAImvFuO4e55ImBKrpZUlNqLc,74e6162f6ead7759017f38d2466a7f86
cED5o2sIjQfsgJA9c6wvxhsUTnQz6ZoqcwJCmQjnhJs,0b6ac249a22c50e90349d8a757ead644
cED5o2sIjQfsgJA9c6wvxhsUTnQz6ZoqcwJCmQjnhJs,cc7f96a0d9bc8fd1b8ed00076ea9fac8
D0G8uvIn-DF_BFWEhQnGKam7wgBT87Xk7qOc6J0_gUg,91258795224c6efd4e12ef377e288bb0
D0G8uvIn-DF_BFWEhQnGKam7wgBT87Xk7qOc6J0_gUg,868839ede080825b63cb288324b7c59b
D0G8uvIn-DF_BFWEhQnGKam7wgBT87Xk7qOc6J0_gUg,8c4d5ad85b446ff4e8332e7981c68e10
7UZuaEb_MZocyFulIycwK91lB54gCnBQBVxEEIozBTA,7a10487c784d8c181293011edc32dacc
7UZuaEb_MZocyFulIycwK91lB54gCnBQBVxEEIozBTA,fd46cd78c63880dac01fef14ad2c40d7
7UZuaEb_MZocyFulIycwK91lB54gCnBQBVxEEIozBTA,39d415eef1701480659016fb3075090f
KtiQ4nZ6b6n5IHWApFokgzkKfpj5MtzxGsOKBS2zwlQ,e9ecf3296441d8a8f3a8b3042bc85224
KtiQ4nZ6b6n5IHWApFokgzkKfpj5MtzxGsOKBS2zwlQ,df8a05ae177b2c8507cf126e3f52fd0f
KtiQ4nZ6b6n5IHWApFokgzkKfpj5MtzxGsOKBS2zwlQ,9ba8d3f2591c785c8545c8da922c683c
KtiQ4nZ6b6n5IHWApFokgzkKfpj5MtzxGsOKBS2zwlQ,04360fc9aab325341f6ba0853bb2b64a
i-nLQ8pBTFAYSZ1v0dWF8HYcxB5cVMjztxUO6BLM0cU,fb3dfd42c3982fdadadfbc517a886966
i-nLQ8pBTFAYSZ1v0dWF8HYcxB5cVMjztxUO6BLM0cU,7ba220cfbf2288847af00ce66789dc08
i-nLQ8pBTFAYSZ1v0dWF8HYcxB5cVMjztxUO6BLM0cU,7bac0689d7ecbde5cdfb016c7c786228
pSd0beSmYvV1UqS-Fj0IG1DyKzuQ7nlB5O_2BvotvX4,6962fca4a209d7f9be1e3cc7ec4c0398
pSd0beSmYvV1UqS-Fj0IG1DyKzuQ7nlB5O_2BvotvX4,20fc64798d777869b5c2ed4cc67e317e
vH4d2L_hLSPylpEzrjN_HUFZ4eJEeJosXMfbaM-5lsk,56c1a5656bc08fad3e1d2287de9dffa8
vH4d2L_hLSPylpEzrjN_HUFZ4eJEeJosXMfbaM-5lsk,066232f2bca4a7736661b9038ef918a9
vH4d2L_hLSPylpEzrjN_HUFZ4eJEeJosXMfbaM-5lsk,c1d2077df7f4ca4d8587092352ce48c8
hMKcIQojYeupT1_PWjV6XDlmsn_7mNWQmRChPzjIJcg,12882a30b9e1a9dc1e8bc6f24c5d8f27
hMKcIQojYeupT1_PWjV6XDlmsn_7mNWQmRChPzjIJcg,6d1f6e55d673586178aaa56f63850269
hX65CmXWMoDEXceked4Bz4ft0eujzDmHJMUM8TcVvdo,112398956e21c6cb5848c4dbeb064dc1
nY_tYlRMcPO6BiPSsGT7U7CVrJwG98ZfVdZuj-Xj0s8,f58211bd1eedda3d0f01389d03cceb83
nY_tYlRMcPO6BiPSsGT7U7CVrJwG98ZfVdZuj-Xj0s8,919d1910fbd679f95b34c3673f26a590
DkMNvQQUXi62EQtW1lBt3tXvl-Jmg8M1-aBUYc6z1vc,0f20b52f1b0294349baca4732b602ce8
DkMNvQQUXi62EQtW1lBt3tXvl-Jmg8M1-aBUYc6z1vc,48ed26f9b3e51460de32d0576c9e1b84
DkMNvQQUXi62EQtW1lBt3tXvl-Jmg8M1-aBUYc6z1vc,10c6e04707a113542ba47a00b65dced5
jItTYK0W4R0KKxiAspTnrbL-GLiYWUWEntwIdq5LhWk,96cf3e13757572e0c824ce12273afabc
jItTYK0W4R0KKxiAspTnrbL-GLiYWUWEntwIdq5LhWk,6367d327f96b951e4a498c88d615e8a4
jItTYK0W4R0KKxiAspTnrbL-GLiYWUWEntwIdq5LhWk,ee66775a523ee09f8edd3eaeccc0a2fc
XBnf9606yR_xW92IU6Ojvjiix4WNWw-uqbxxo-woIk4,f3142d4b32acb208fe26725867ab3366
XBnf9606yR_xW92IU6Ojvjiix4WNWw-uqbxxo-woIk4,f0cee352ec6d655fbbafddd18076e7aa
XBnf9606yR_xW92IU6Ojvjiix4WNWw-uqbxxo-woIk4,c31f2635e1abf529b4b644c26b5d7847
XBnf9606yR_xW92IU6Ojvjiix4WNWw-uqbxxo-woIk4,5600dffeda3633dddae4ea92822f2b03
WgNsALoT75d8UikD0pyojUzeliyP0cG_O8JvuDf6Byw,f0299a292ead059bcc2d46ac71c38330
WgNsALoT75d8UikD0pyojUzeliyP0cG_O8JvuDf6Byw,1b5e2e6b2f4f2a498de11ed3ecbba744
hN73fvh_zp2hTJvv__7NmeodVl1Dxhk4XorXmnLY5xw,6fa1c41fb522c5afff8797cfcff247ce
hN73fvh_zp2hTJvv__7NmeodVl1Dxhk4XorXmnLY5xw,de00347518d01490a51707af76ed4ce9
H5G3OHLXxiN1XKFqza7ZUnUv2chIpEt5bXpvF7eDW3Q,6778004efaad6f363ea24b0f93b196e9
H5G3OHLXxiN1XKFqza7ZUnUv2chIpEt5bXpvF7eDW3Q,361a16f6fb0ce859f3df094a841aeef1
H5G3OHLXxiN1XKFqza7ZUnUv2chIpEt5bXpvF7eDW3Q,5b72699371aea57a9da6effaf85c044c
H5G3OHLXxiN1XKFqza7ZUnUv2chIpEt5bXpvF7eDW3Q,66f995c07bddba714311c7c56befcd36
H5G3OHLXxiN1XKFqza7ZUnUv2chIpEt5bXpvF7eDW3Q,477d97b0816fc38ba8ca229e69c99514
qonjbwPDaE7YGZe6LpVQJSuWiZ-n3ttgMF3mNrqoKx4,56a060d3ad8ed6545d74956e27a20d47
qonjbwPDaE7YGZe6LpVQJSuWiZ-n3ttgMF3mNrqoKx4,2c1552143b367070cc500b7eca6abaaf
qonjbwPDaE7YGZe6LpVQJSuWiZ-n3ttgMF3mNrqoKx4,54fd129dd924abc7d19b3f26831cc9c1
Ev559J8sYhJBGQAcohEDshMRkWWPCJqUOMcZPo0vZQ8,35542825aea509dcf41f025b28fe7eb9
Ev559J8sYhJBGQAcohEDshMRkWWPCJqUOMcZPo0vZQ8,b45a664a5936574cea7bec7665e0500f
Ev559J8sYhJBGQAcohEDshMRkWWPCJqUOMcZPo0vZQ8,f2870e6fd29aa938aa647713834f40b2
FNTXosSAuG8yRrIN7DQbSyylJ4a0o-G_4hK2iWCHg2o,c8cdcc1d4eb9891ab13f1238fb09050d
FNTXosSAuG8yRrIN7DQbSyylJ4a0o-G_4hK2iWCHg2o,6f0fa519888850494c53e2820937cd4f
Y1VSDdyurSCt7P0e4BqTrw0C6w-BJdWDXjCnDF_ba3M,cc12602197cdb8066f0e7cb744820c38
Y1VSDdyurSCt7P0e4BqTrw0C6w-BJdWDXjCnDF_ba3M,ae569f41e3a47da30c467b2ac9803a1d
Y1VSDdyurSCt7P0e4BqTrw0C6w-BJdWDXjCnDF_ba3M,808d0e900a1b3c448fe4fd0878e0d39f
Z7Y5H8Rs3VwpYnrh_ldrvbf7YQsSmG6JuaeOjQP96zE,d89af08443fbc3d59b025babcadb7468
Z7Y5H8Rs3VwpYnrh_ldrvbf7YQsSmG6JuaeOjQP96zE,2c26f6598c904589eb7c8306d00a2157
Z7Y5H8Rs3VwpYnrh_ldrvbf7YQsSmG6JuaeOjQP96zE,163cb4da779c0e4ca71b03470fb636b7
26gnWpM3ws3ugDnBWRUn014NPtZIw28y1W6lZHSpRk4,807c2832ca4bf2c4c9dbc3934a4d4e8b
26gnWpM3ws3ugDnBWRUn014NPtZIw28y1W6lZHSpRk4,e70deb98c5244f56ce7ffed74f6ee0e7
26gnWpM3ws3ugDnBWRUn014NPtZIw28y1W6lZHSpRk4,0390988373c40c72cd8d1ade3e63f6df
J3AcXhg5f2mr5qRSKD_-CH7jL-hw6HDz9lx_HiYYra8,d42ec7fd79e49ce6df6999c866ab186d
J3AcXhg5f2mr5qRSKD_-CH7jL-hw6HDz9lx_HiYYra8,b78dc2ea1debbab4a2f1e1bba6230526
J3AcXhg5f2mr5qRSKD_-CH7jL-hw6HDz9lx_HiYYra8,ed954b254397d6dbee2b56c4be653b2e
ylbrWq_zykq1nB1Ru7nrQQ5CRnVtK4551CECb51_Pzk,f04ac8ffb856e3716fa1fd56f421a0d5
ylbrWq_zykq1nB1Ru7nrQQ5CRnVtK4551CECb51_Pzk,69ee278e42abb38c19de6b56a350483a
ylbrWq_zykq1nB1Ru7nrQQ5CRnVtK4551CECb51_Pzk,7ca3c990d0c101e4cb43bc7ac8439e5d
ApaFHEE8GQXV-xDMQSUSMartSh9dZXXSwBdlntq-ds0,f709442adc71374476cc0daf138afcf5
ApaFHEE8GQXV-xDMQSUSMartSh9dZXXSwBdlntq-ds0,8a39a78e9c62b54d21904b68c7a3acf9
ApaFHEE8GQXV-xDMQSUSMartSh9dZXXSwBdlntq-ds0,8dd453f353f845356e141fa151c0157b
0AQqSm49JJoFaYTzjDcmRHM4gdwcYZyOqXBZ_yvNy0E,d0b9377b4d1ece595d444d1050086507
0AQqSm49JJoFaYTzjDcmRHM4gdwcYZyOqXBZ_yvNy0E,3024ecbb0a9da528731620202199b6ce
0AQqSm49JJoFaYTzjDcmRHM4gdwcYZyOqXBZ_yvNy0E,aaab47da0e85c5eca8a7bfc51ca45df6
0AQqSm49JJoFaYTzjDcmRHM4gdwcYZyOqXBZ_yvNy0E,41521f150d6189ab5d945086ea82b82b
0AQqSm49JJoFaYTzjDcmRHM4gdwcYZyOqXBZ_yvNy0E,21af09c84c41837e8d1031919a7b52bd
Pj48rRZVF9CVJ_MltMZwnDXNybqa0l-S2o6aWqxVPBc,0cc56895218b08a07abcbc9aac41c137
Pj48rRZVF9CVJ_MltMZwnDXNybqa0l-S2o6aWqxVPBc,5ec83243cf4228cf3a5ee8cf6ff0a356
Pj48rRZVF9CVJ_MltMZwnDXNybqa0l-S2o6aWqxVPBc,f2bc68dde263ee31a9c91390e73e66c3
Pj48rRZVF9CVJ_MltMZwnDXNybqa0l-S2o6aWqxVPBc,6110950f0d08043da0e58462b1b514f0
XAfhSHKVLh1TufsAmAgv7vKa7lmbjgXwP90BMR0za2Y,17eb51369487d1b24865ac17076769dc
XAfhSHKVLh1TufsAmAgv7vKa7lmbjgXwP90BMR0za2Y,eac47b0faa748b5b01365398d0f604f9
qzBByobQQSjIWJl4xB_8P8RdEXgdoa1N429Qk6rmOzw,7e61d32c260599dc3f152536fb3ca337
qzBByobQQSjIWJl4xB_8P8RdEXgdoa1N429Qk6rmOzw,904c6c2eaf731642adbfbc48e19f182b
qzBByobQQSjIWJl4xB_8P8RdEXgdoa1N429Qk6rmOzw,249a9b8ecb430d84506151bbf3cb83bb
wKgllBySGRgqwQEV0Ty5QLsq45EviD8GB1ssvdbrpFM,6a66d5b4b2c7e9445128310781fc6b72
wKgllBySGRgqwQEV0Ty5QLsq45EviD8GB1ssvdbrpFM,76df02767574edb15c6e5abfdaf3046b
wKgllBySGRgqwQEV0Ty5QLsq45EviD8GB1ssvdbrpFM,3874203e4614a2020d8e3d9bc27b913a
NJlhDoVygMEP13fab6sfzY35QwuQEnNzpFM8xVgvODU,c9628824e4bf10e7ca958cbbf1e5b87a
NJlhDoVygMEP13fab6sfzY35QwuQEnNzpFM8xVgvODU,776d8b27b2b64f56dd83a5a53797dcba
NJlhDoVygMEP13fab6sfzY35QwuQEnNzpFM8xVgvODU,7d3814e2fba2f2f6542650a7bfd2cb34
Y4e2uNX2mIJuMc8kJ-D3b3HgQehD6dXSBwqCeGMjB6k,48e1efe70da2fda90a7a8a7410407f82
Y4e2uNX2mIJuMc8kJ-D3b3HgQehD6dXSBwqCeGMjB6k,53931bf5540f1500a568840815513f5a
bRUIY6tfqp0SRzqphFRQ0wV5IG7CaVsT6USBUip-3xU,6a614a38b095160e733d53dd8e1eae44
bRUIY6tfqp0SRzqphFRQ0wV5IG7CaVsT6USBUip-3xU,b8e00e9bc3b4f64e478f69f84d7a61f8
bRUIY6tfqp0SRzqphFRQ0wV5IG7CaVsT6USBUip-3xU,3e7bdc1609ac35ef8df04383a1e0f7bf
CEKC3G5_9_ADiXbet78JjJBTOosFCi1gVDIPFaiO-HQ,566a92ecc5fd2e8fbcc8c3e9eeadaaae
CEKC3G5_9_ADiXbet78JjJBTOosFCi1gVDIPFaiO-HQ,5c646faed96c0d30ffb3fadf246b761c
CEKC3G5_9_ADiXbet78JjJBTOosFCi1gVDIPFaiO-HQ,52068e8bc0b86c753a3ad9bfb4de1a8f
qQGbqsURx9HairHR7N6yhVQw3uN4EvGVfWGbE-RtO3g,b175ef1351df4934cd236accdb3f29cb
qQGbqsURx9HairHR7N6yhVQw3uN4EvGVfWGbE-RtO3g,0b78e7f34bd3763dcf24c999793f8a23
qQGbqsURx9HairHR7N6yhVQw3uN4EvGVfWGbE-RtO3g,96320e7501605680e5def053e5c5d9f0
OpIs8h7XjnWcRtjw1UZPg1C_lAOIBQj978VsPp2I5DA,90c49980e8bbe8d226ca0db0eca2df7c
OpIs8h7XjnWcRtjw1UZPg1C_lAOIBQj978VsPp2I5DA,0e1ea106793dbf140f2ed84c714296f7
OpIs8h7XjnWcRtjw1UZPg1C_lAOIBQj978VsPp2I5DA,6328bb75eb049b35ecd3900d8146acf5
OpIs8h7XjnWcRtjw1UZPg1C_lAOIBQj978VsPp2I5DA,3ad2776ee5a6ca900732ad02fea2a763
K4yuVuCoqLGRjHV5BUmqDdfHZZqUqgSJXYM5Gr13Bv4,2a7acb53cf6fe650f17e843eac982a0f
K4yuVuCoqLGRjHV5BUmqDdfHZZqUqgSJXYM5Gr13Bv4,566ea25ef219e7870013db8609c30f7f
Ns_Npd_7GGwT1H6sxT2HkH6CBABI6NGFKPEgcza7_Ak,534386bb60bf02726a9a5dd635991b5d
Ns_Npd_7GGwT1H6sxT2HkH6CBABI6NGFKPEgcza7_Ak,ced954db024158e15607068b2a8ed902
Ns_Npd_7GGwT1H6sxT2HkH6CBABI6NGFKPEgcza7_Ak,6931aa218658115e4f48d9dbba1957b5
q6ig-2R6NfsMqvwKFixtgth6Vr2OE2s_MBsJR_a_7QA,535cf2b3fb8f66f74afe3f1349989514
q6ig-2R6NfsMqvwKFixtgth6Vr2OE2s_MBsJR_a_7QA,41763e5e1ae137fc5d8b1a654b82a842
_Gqw-g6nwnBszeu-RoTbJOpr51jf7a4nPhWYHGBO3j0,6005af266732297800b0004a361e5328
_Gqw-g6nwnBszeu-RoTbJOpr51jf7a4nPhWYHGBO3j0,acbc2c0d9ccdca84668085763ffbc1f4
1olHWQm2nBceX-FNvbqpXRfDzNHDnPEmqE1ll7iMCIo,4f3ec67b430f37a949093c3b1ce93a53
1olHWQm2nBceX-FNvbqpXRfDzNHDnPEmqE1ll7iMCIo,f2ad2201048d5881023c986b92b2e24d
1olHWQm2nBceX-FNvbqpXRfDzNHDnPEmqE1ll7iMCIo,0f0bf58a069a5ed9faf2f0eeae6af89d
1olHWQm2nBceX-FNvbqpXRfDzNHDnPEmqE1ll7iMCIo,4eb09de16a9895165da4163ab43f8c3e
1olHWQm2nBceX-FNvbqpXRfDzNHDnPEmqE1ll7iMCIo,0a93500d052da35b75857abcfd122693
sz5sjW6rK1Gay3i2X85fGHu0FYbSh7b8q9BcKNpMq4k,78e0bdff438c27b77b947af7eba4862b
sz5sjW6rK1Gay3i2X85fGHu0FYbSh7b8q9BcKNpMq4k,c0c31b2c95e802ed893f48899143fb0d
rF5hMzRNGQQd2t2NMAdPO0puaVfSbW4WLllam0oItto,35681011b900311911b59c6cfc7fb862
rF5hMzRNGQQd2t2NMAdPO0puaVfSbW4WLllam0oItto,733ac006d27ad342268ec22524efe435
VdspwHpdezYz_ZH-2zjnQS37EeaVEWdgicBUYk-U6CM,cfb756d9cd68c20e15c7a82bb2e2d69d
VdspwHpdezYz_ZH-2zjnQS37EeaVEWdgicBUYk-U6CM,b2c7433b820b80c7f32a9a7d9a0d790d
hTPCGxc9IJNFoBMDF4jwHueiJYHhRBcSijcoJzltUTU,61500aaaf199e3d88dc2f216fb5135c6
hTPCGxc9IJNFoBMDF4jwHueiJYHhRBcSijcoJzltUTU,69f20b616c4022c210997d9b04cb4566
uBSQZTVjnHVqb8OP-BKKTHEDndvnyy0h7OvWe2cGO3U,72879872f7a690360d08c6b4187f8c7c
uBSQZTVjnHVqb8OP-BKKTHEDndvnyy0h7OvWe2cGO3U,6864744d37daeaf85e91fa7cdb3485b6
pCtBcyQpIqGHleYiYqjTjmAMDTnblvQxDCuAOhgDCpo,d60e3265f3f388eb7393e571843100a6
pCtBcyQpIqGHleYiYqjTjmAMDTnblvQxDCuAOhgDCpo,ac69a9c0b97e83473906ee7115fbecfd
azAuKnRCthiDdYjhiQQTg7_lMKwEE5VTRwu5XRhdiww,e669c1366c09dc9797886d642dbee1d0
azAuKnRCthiDdYjhiQQTg7_lMKwEE5VTRwu5XRhdiww,af3e3a92b10098b4ce307d8630e32151
9EaimZrRMF80lcFWZgOgL10d8T21DT0ZJ5fWTxjNYbo,ea64bcfcb28a8d8e80c9e326f8574e76
9EaimZrRMF80lcFWZgOgL10d8T21DT0ZJ5fWTxjNYbo,1010fa29f4cd5a773cf0b840508289a6
Eg598gtFscEXzCbeeDI1UvyH5V9cpOnDa3of1X7QNdM,ee7eb3228378aac767cd9a8cbdccee26
Eg598gtFscEXzCbeeDI1UvyH5V9cpOnDa3of1X7QNdM,db865bb6575c781ebe0cb9841d2154ba
TlIG_3sXZLuH7T9nQMivDNnzJn4fFYQy1P0KqC3ldUQ,578f12cd7dbbf39ccebc3116eaea41d6
TlIG_3sXZLuH7T9nQMivDNnzJn4fFYQy1P0KqC3ldUQ,424bf24bfcb4c8447e1d892c1e49f9d4
TlIG_3sXZLuH7T9nQMivDNnzJn4fFYQy1P0KqC3ldUQ,3b5b5e4c33ae4d8e9b582a67a84e1d2a
X9Nl-YA79-q6fQ211shMSyfdmutrzFhAMm6Riy3lMrE,b304a96183efaadcd22c4322d7146ad7
X9Nl-YA79-q6fQ211shMSyfdmutrzFhAMm6Riy3lMrE,0c961cdd30e4eb4a60bbedda79fe0070
tSVOLeQfX3V9LBcU7xp4QFboh558QEm5ucaxAVkAT2s,9ea312f14d487f6f930d8f538c13b023
tSVOLeQfX3V9LBcU7xp4QFboh558QEm5ucaxAVkAT2s,0894ba94ad16b39e59b62d5a11453877
N8lTUHTD3JXcIQtTMNKhmzLBPajzI8tqLo1uJUVy_18,dbf3b9aa4985f2dffa940d3734e07069
N8lTUHTD3JXcIQtTMNKhmzLBPajzI8tqLo1uJUVy_18,1d828095732907eea6fb6178b416b052
N8lTUHTD3JXcIQtTMNKhmzLBPajzI8tqLo1uJUVy_18,7be987cb0dab32f651f74bd35911345c
N8lTUHTD3JXcIQtTMNKhmzLBPajzI8tqLo1uJUVy_18,c62de4e7b3a8df78ae7f9c640d32d117
hdX0tCobySqi8hLYy8c_K22HD7YBC97Hx2wkqA0MrF4,abb60ec123bc328b86c956b37a7e1a91
hdX0tCobySqi8hLYy8c_K22HD7YBC97Hx2wkqA0MrF4,ced1d4060d910195a7399780c39870d3
hdX0tCobySqi8hLYy8c_K22HD7YBC97Hx2wkqA0MrF4,cf030512fba76253b764458381aa404e
y0QIxvL7kr3awB6w2ZSG-FVfXKeR7DCrBsqVql7BAhM,f9c9d3b9889b03b1f4b127bbcb07c72d
y0QIxvL7kr3awB6w2ZSG-FVfXKeR7DCrBsqVql7BAhM,21d0549ce4542dc3ccf805aa519a7151
5TJEjrEATRi6qua4FW3KsC9a34Nf2JWV572lOKqWItU,37d071c2f664fbd797a866c8f90379b6
5TJEjrEATRi6qua4FW3KsC9a34Nf2JWV572lOKqWItU,c5825a8be3febf75303b119dfb804b05
OMKVe2JAZ7Omn-5otiXCiiYPbwdWDvNXUHHhEkTKN3Y,f092478fbf9b17c7e24e3eef7b052cbd
OMKVe2JAZ7Omn-5otiXCiiYPbwdWDvNXUHHhEkTKN3Y,e25109303b34330f73ec1e27610eecb8
59bc275b681516389ccf4138,154f1875b05cb4cbc2a391a5680a7ff7
59bc275b681516389ccf4138,c236a610a1c729442ceec4db83f1764d
59bc275b681516389ccf4138,839af39d0188cc4e155a96c8ea4c02ef
euYIzweveWQR2YkbEJBkSeRsOXNjePkXxNQdCHVc72Q,f1cd73767d9438168677c47f45282d6d
euYIzweveWQR2YkbEJBkSeRsOXNjePkXxNQdCHVc72Q,6f092da84a2a847754350e6a38f7595a
ioKkzb2uvOMkrygpnb575gTENFeurkfTZH_oLYclNwM,60cdf08c9c015ab1190ee5299fea8602
ioKkzb2uvOMkrygpnb575gTENFeurkfTZH_oLYclNwM,7de941eccc0a3d126984488cd88413be
ioKkzb2uvOMkrygpnb575gTENFeurkfTZH_oLYclNwM,5be67e6b37b0c1b07bf20c8e7e9e02cd
I7T7u9B89_G9v5RY380Q3n7yaScyr6KVXploESnm1jE,227842a66ee1ad03f1978171f9137d69
I7T7u9B89_G9v5RY380Q3n7yaScyr6KVXploESnm1jE,e7ffaec8293fb0321bcd11d32f7caa4c
I7T7u9B89_G9v5RY380Q3n7yaScyr6KVXploESnm1jE,560bf05fd758f3263453e6e93cc76b59
I7T7u9B89_G9v5RY380Q3n7yaScyr6KVXploESnm1jE,3569a2eab434f0fe3b7618e58802ba5d
I7T7u9B89_G9v5RY380Q3n7yaScyr6KVXploESnm1jE,e8c48301c229f3f1d5fafe1bc5cc5bbf
fVpAG_A95WbhNPXy_ucAI8OZav8gPuR3XNf_g_fvtRU,821b45e5a0b3066a2269c9ffb2cb9729
fVpAG_A95WbhNPXy_ucAI8OZav8gPuR3XNf_g_fvtRU,2b60e411cbed322759c00b039a1c4577
uAaeY5FmyJfEpMHU7YWHwciwCnSDkykg-eN2dn3mgEU,6a46e1d04f8632dc1250770c12b8d83c
uAaeY5FmyJfEpMHU7YWHwciwCnSDkykg-eN2dn3mgEU,d01d32adcf0f4ccb8ee0f071c64169f8
uAaeY5FmyJfEpMHU7YWHwciwCnSDkykg-eN2dn3mgEU,2d9890239731b27c3317e08703c81e07
ywxDJa9T9e9-ISArokH6itc4fwDRTCLuOHLZzOS2Tgg,17343b4cdf2f35bddd48a8f3ce1a766d
ywxDJa9T9e9-ISArokH6itc4fwDRTCLuOHLZzOS2Tgg,e77f9500665ccbfa6e85ca7fffdf3a85
0PghUpgAgKJiVgHZpWydh6WqIYKYTlzV-5QR7eSR318,588af03945635d2c5cedd75e9c100a8b
0PghUpgAgKJiVgHZpWydh6WqIYKYTlzV-5QR7eSR318,dadf7b0754930ca8619fc1863f5fc240
0PghUpgAgKJiVgHZpWydh6WqIYKYTlzV-5QR7eSR318,077a7af0538bd58a8ac58cc684897868
qFzAW1qkXMC0OZfRr7LfqyUx7Rea3XaF3s4OyyAW_Ss,0e3270f03ddf0b67efd50729eaf96c1c
qFzAW1qkXMC0OZfRr7LfqyUx7Rea3XaF3s4OyyAW_Ss,1320018183543ed30cfd349ebc58770e
xxc-j-QEiwIlUhhugmK30VWxX8bhUMSvtoo7vpST4Nk,82ee84e72800204c266cfc113f09fcfd
xxc-j-QEiwIlUhhugmK30VWxX8bhUMSvtoo7vpST4Nk,3ded06ebc42974bb3073439296545837
Sv7G5bjjzfSMgaP9mI0t7tlPxz2_X_XHR2pHH5PfgIw,cac5473fade5135506ae82ee1c90d04f
Sv7G5bjjzfSMgaP9mI0t7tlPxz2_X_XHR2pHH5PfgIw,8b7a924da27b85d07fa7a8fdf5397ef4
pfU05_t16cKGonnvTjwHJRJj9MuKbQIRoF0V8cO-O0U,76f5d93cacab7a4c93f4d182cba33384
pfU05_t16cKGonnvTjwHJRJj9MuKbQIRoF0V8cO-O0U,20a9f12e5bd0541295bf0aeafd3abe15
pfU05_t16cKGonnvTjwHJRJj9MuKbQIRoF0V8cO-O0U,07568ea9064e0e7f48a4ea9df39221d0
pfU05_t16cKGonnvTjwHJRJj9MuKbQIRoF0V8cO-O0U,07b84c49514f406d56a150d597a3109f
pfU05_t16cKGonnvTjwHJRJj9MuKbQIRoF0V8cO-O0U,77679ef60fa46eff9d1de0df73aaf68b
pfU05_t16cKGonnvTjwHJRJj9MuKbQIRoF0V8cO-O0U,10bc33ea8a6a0c843ec4166ad68fae2a
NkOV3o6p9Z6hfBDMNP1F9017tpOIn8JsDky_da8A2Oo,1a6b461387a6dd298d0b92a861f7c41b
NkOV3o6p9Z6hfBDMNP1F9017tpOIn8JsDky_da8A2Oo,3fdef3a35fa74a99e2e8f918121af649
r8OVd5m4kNsF1sFnK0AGWYzd7FdrvsUdl-L3Mc656ts,18f5adb2032cd50cb02c4eb4a8661a6c
r8OVd5m4kNsF1sFnK0AGWYzd7FdrvsUdl-L3Mc656ts,526df3cbe70b3344fc1f02d66a84dc1d
r8OVd5m4kNsF1sFnK0AGWYzd7FdrvsUdl-L3Mc656ts,35a8f0acad0efcea31b15ce59c631536
r8OVd5m4kNsF1sFnK0AGWYzd7FdrvsUdl-L3Mc656ts,beabc7d5d272f6a1a697e10f97a68b5c
FNC89HJ3V08ITqMLZJpnLnYKgpUrhFt-bf3l7lmlXCg,f6ca7fe9e39eb8707b0d5dea77c2671e
FNC89HJ3V08ITqMLZJpnLnYKgpUrhFt-bf3l7lmlXCg,8ca8ad210678008c9575a510d7beb106
VtHovDRlfLg8eIpA5u7EIwPu2FH7sqT7zsdoh3qebHc,515e03cef7c2ab732a4d272dfc53b2ff
VtHovDRlfLg8eIpA5u7EIwPu2FH7sqT7zsdoh3qebHc,3ff3a6a1a6c276ef729221dc92241c35
VtHovDRlfLg8eIpA5u7EIwPu2FH7sqT7zsdoh3qebHc,5e49200da30f3421a934b31c614dbda7
jMbO1EJytxZ5pLlfOUEEBAZxdJjJcWYvYydyoiQKIJE,c0975d4794b42555d8cc6a7ed215bb22
jMbO1EJytxZ5pLlfOUEEBAZxdJjJcWYvYydyoiQKIJE,c5f9dd8f0c6b6fc245d6c7640cfb0c0d
jMbO1EJytxZ5pLlfOUEEBAZxdJjJcWYvYydyoiQKIJE,8b99c7ae8e3ef08d3fb178375ea26acd
0ix2B0qPwwgPAyBJM88yn6Wkhl6oLxhlUGOkN8jpt9c,25239b1e2e3317f1d0a5e9d4be54d0df
0ix2B0qPwwgPAyBJM88yn6Wkhl6oLxhlUGOkN8jpt9c,c26874728e2bc7881fec077c6fc210b9
evD97JVk2hX0oa09ckL0at05ZUtRrlBG_ynLaE-qJAI,b6698939fe7cb32f0ce4de3c923bc5f8
evD97JVk2hX0oa09ckL0at05ZUtRrlBG_ynLaE-qJAI,869e24d80a0ab6ff0846a3ef036022b5
evD97JVk2hX0oa09ckL0at05ZUtRrlBG_ynLaE-qJAI,b2cc2c859ddde632a3b8f03d436efce8
6hDHPg9Gl4xq_yiwOERDmD9yYMRDLE9zTuXC3-G82fo,5bce9c75eb55183845e4fe3a368854d4
6hDHPg9Gl4xq_yiwOERDmD9yYMRDLE9zTuXC3-G82fo,da900e2a72ffb7e143f8cabe6e2bc3b5
mslHtKkmzUdhwB9SQxLFjeRuXoXnGX1lt1xLStedw5E,ded8dd1181474ae0781b8b80c48876e0
mslHtKkmzUdhwB9SQxLFjeRuXoXnGX1lt1xLStedw5E,f503750dde2cf0b0d9ddcf99ea0dc154
mslHtKkmzUdhwB9SQxLFjeRuXoXnGX1lt1xLStedw5E,3388799c40b27c42f3ee4c2433b76db2
tktjFBnHuHCRfpZ4sQwrIYs8s9s2ETdMNVcvALic8m8,c792cd1c945825dc7fe985d3bd910061
tktjFBnHuHCRfpZ4sQwrIYs8s9s2ETdMNVcvALic8m8,246fbcc677ded9140b29b0047684d770
tktjFBnHuHCRfpZ4sQwrIYs8s9s2ETdMNVcvALic8m8,770e2a46707bb077ec93ef194f9c3731
EAWw2QfMPSiBeTdY3qxp7D4IFYFNzY8JgfekYkA8xMc,bb978f58b77e08c66fda59c58477b3f9
EAWw2QfMPSiBeTdY3qxp7D4IFYFNzY8JgfekYkA8xMc,df8db34bccd6d732898ef1cf6a80b5c3
EAWw2QfMPSiBeTdY3qxp7D4IFYFNzY8JgfekYkA8xMc,04ec2b080eaf438d5b9730b001db03b3
tGS2BVEi9Qo6wt-O3AYsb5-CTHP-rcDKjsgQTKvBLd0,9eb3242e38c6693a9ab9aee7277d04e5
tGS2BVEi9Qo6wt-O3AYsb5-CTHP-rcDKjsgQTKvBLd0,13c90d1e0b47d7ad32a5ec87401b2966
tGS2BVEi9Qo6wt-O3AYsb5-CTHP-rcDKjsgQTKvBLd0,f2810a4d7a0bb4fa2f323e53907c9994
8VDPJXsMB2HMFf8Q86E8ZD9Lc-r4VjBM8Dh5XMLe1iI,e6e3cc3ae0b8a96a11f75a51ea2787ee
8VDPJXsMB2HMFf8Q86E8ZD9Lc-r4VjBM8Dh5XMLe1iI,4fb3d25d7fcbca29405aec42c51d88bd
8VDPJXsMB2HMFf8Q86E8ZD9Lc-r4VjBM8Dh5XMLe1iI,b1f72220425fac99856b884853537953
0rCweWiJLOAeo9TMaNn_fG4sQ8h3xjSjBXIVPVrE9pQ,b32126c2913f988a5ca62d408f328022
0rCweWiJLOAeo9TMaNn_fG4sQ8h3xjSjBXIVPVrE9pQ,ea8430c39c58881ef186c0ebe40da8ed
exQYrj23Inw0lwzxpO-GaSKJVpV_eGUNkYP6PPHZWiQ,864227354699efe3638e451416468df9
exQYrj23Inw0lwzxpO-GaSKJVpV_eGUNkYP6PPHZWiQ,4287c9bd0a8db2b9702bffc3e0ffe890
exQYrj23Inw0lwzxpO-GaSKJVpV_eGUNkYP6PPHZWiQ,dd7979b5f93cfc0f7f5e984b9a1b4049
exQYrj23Inw0lwzxpO-GaSKJVpV_eGUNkYP6PPHZWiQ,efcd31ac592c82c9136e4fa0cd532e7c
exQYrj23Inw0lwzxpO-GaSKJVpV_eGUNkYP6PPHZWiQ,09935ca1b07de6f58467d66f159edc33
exQYrj23Inw0lwzxpO-GaSKJVpV_eGUNkYP6PPHZWiQ,19885aae5fc2d72c99e7558475958039
exQYrj23Inw0lwzxpO-GaSKJVpV_eGUNkYP6PPHZWiQ,0c3e6f4b2bbd53ee3cccbf0ed1f84bb5
v1lTWJL_fmILp-MVCJP95ti6NQ6HMkF3JDH_4LhCWa0,b5eda6d46ad53a794faa4239e20b737e
v1lTWJL_fmILp-MVCJP95ti6NQ6HMkF3JDH_4LhCWa0,03c2f513510ab7abc696fe4180004f8a
Cnx_3RZkrvCxS-9dQAN635WAesZY1gjRST5V7FYWUS8,5db7a33fb9946578b922085a840d4b38
Cnx_3RZkrvCxS-9dQAN635WAesZY1gjRST5V7FYWUS8,b2779e30ac78788a745a30bd89a40225
Cnx_3RZkrvCxS-9dQAN635WAesZY1gjRST5V7FYWUS8,150ffa6a4714c9c32c861fc388fab5bc
0RRTDLueddykSM_-MbQYeCfx43VR1uf19kN8n6L7sJA,87d4e832af70b7750647d262ed84a0c3
0RRTDLueddykSM_-MbQYeCfx43VR1uf19kN8n6L7sJA,daa4b87c942f1c2112fb7ae75d4bbdf0
0RRTDLueddykSM_-MbQYeCfx43VR1uf19kN8n6L7sJA,ebb76cb031ee42731d624908eeebb4a6
0RRTDLueddykSM_-MbQYeCfx43VR1uf19kN8n6L7sJA,196382286a99392f3d006386ed7784c2
6NGuzk2gwsmfRtM6l2BslVzfLrLy6eGSfWYT9cJ5ZH8,ad08b1f0300b837b4970dcbe2b436f17
6NGuzk2gwsmfRtM6l2BslVzfLrLy6eGSfWYT9cJ5ZH8,e52d059fb59ee09147d41e81e1492ebc
6NGuzk2gwsmfRtM6l2BslVzfLrLy6eGSfWYT9cJ5ZH8,46521df8b4a971c56023c229edd15d54
c-FLYzyvzDehOYi_MJEyz_vdvLkbQEizLh9on2_HJxA,c16da5db239445f306d61f06f5c51f44
c-FLYzyvzDehOYi_MJEyz_vdvLkbQEizLh9on2_HJxA,0d8e380646db8d6e23fa0f2583292daa
JRR3QqiLd_qFK4-oscVuxqw1tiVs027yGRDtWW3qFVg,40e09d10c01ec727471fc508e264431f
JRR3QqiLd_qFK4-oscVuxqw1tiVs027yGRDtWW3qFVg,16aaf26d2c617fad41baa0690527f7d1
cDnrwu0ja1pmgc8jHlqtuTJPdn-rIhvOF1X_Jq1pKfQ,a5e2875683469db499cb992db7a3ede2
cDnrwu0ja1pmgc8jHlqtuTJPdn-rIhvOF1X_Jq1pKfQ,cd7c106654d5b1e1b60f5e0e835c807b
cDnrwu0ja1pmgc8jHlqtuTJPdn-rIhvOF1X_Jq1pKfQ,10d42d21889001561838f8f52e2d3515
iMd1IQa4iCtLJGl96B-v3YLA43q5PKkHPLq_NErNHn8,ee4d156c53890b1e79dee8968b4dcbd9
iMd1IQa4iCtLJGl96B-v3YLA43q5PKkHPLq_NErNHn8,de374f0700d402e068c7de9d9e0e500e
C_wJrNOhIWpaja4ncvdVenf51_qIKag-7RRYByEfvrg,5c0a921c07cfb6ad4c23020a39b9adac
C_wJrNOhIWpaja4ncvdVenf51_qIKag-7RRYByEfvrg,4983d109c66c0cae180bd4a0b3a4d3e6
C_wJrNOhIWpaja4ncvdVenf51_qIKag-7RRYByEfvrg,e569c5601f0176148f8094ead2669d2f
C_wJrNOhIWpaja4ncvdVenf51_qIKag-7RRYByEfvrg,6614b8f5e501031d2f8f3b7d638634c2
C_wJrNOhIWpaja4ncvdVenf51_qIKag-7RRYByEfvrg,98b39d8580dffb93b487d56c1ef9c9f9
r_qlMQvfPtcp43cElJLJVDUO3gxGNonbDVSUmTsbHz0,ddfa42a446660734d0818d5f054a29df
TlIG_3sXZLuH7T9nQMivDNnzJn4fFYQy1P0KqC3ldUQ,e82e838efa2b9296671be5b28be38b41
TlIG_3sXZLuH7T9nQMivDNnzJn4fFYQy1P0KqC3ldUQ,c95229e958e8f0e604e7ee6a28f40c8b
KSnPLyfQjUzB3cWfhOb3cD-qbINpzoWJLe2A_lNbx9M,77dc69b364504c3845bdf0a2701c4e77
KSnPLyfQjUzB3cWfhOb3cD-qbINpzoWJLe2A_lNbx9M,0d5fe7741cc2986df2942450a7c344d7
EkVn3tUr9ADKeys1uEqhD5kw-BoAtjHKtWwOrUMWMDg,a3505694098fa8f15698fb987487a1d1
EkVn3tUr9ADKeys1uEqhD5kw-BoAtjHKtWwOrUMWMDg,2f8b2a9bc968dec89da3db689eba3829
EkVn3tUr9ADKeys1uEqhD5kw-BoAtjHKtWwOrUMWMDg,94ffe3bc09b3ded496b0ad6f77320bc5
7dnXejm2Th498ayztH-MQHyk5QQkZhhgC9tTx2aLN7I,1d989b0cce2ae93a78e319f4abb8dc5b
7dnXejm2Th498ayztH-MQHyk5QQkZhhgC9tTx2aLN7I,f937f53a11d30bc85a3ac959104a2af4
sKLS3PYRYIwRlNcVaVcyt5PFfFFxwXUV67O704IvTkk,22b4207dd4756c17b939c6cc03ea2934
sKLS3PYRYIwRlNcVaVcyt5PFfFFxwXUV67O704IvTkk,a1d6b2d22036149709f5666187fd51b5
sKLS3PYRYIwRlNcVaVcyt5PFfFFxwXUV67O704IvTkk,d6ee5645d7d6b3ed77899e49263cac32
oltX4f-GEqRvJbjI2lsfXavAV39ZVaGlHOsn9S8Jdjw,722331b1c3ec4ca7992db59b9b1d1564
oltX4f-GEqRvJbjI2lsfXavAV39ZVaGlHOsn9S8Jdjw,6975d13b25b7f6267e56dac5e2ce0458
pPrKlT41Yvd82NOaN31WwdTZwVaTuDttLgy6FmMzRAM,075e85b80173b572e92ace0f44ff08bd
pPrKlT41Yvd82NOaN31WwdTZwVaTuDttLgy6FmMzRAM,ccb269a6b9fe7d043432645b8f644de2
pPrKlT41Yvd82NOaN31WwdTZwVaTuDttLgy6FmMzRAM,fe401d2e9b20ea62938d955214d00a6f
t87BNp4IidvRYkVaw2FCTjX4C2HZd-Ns-WGMZHiBQtA,3d7f5d30b6c1dddf854d2112bd0d0e3f
t87BNp4IidvRYkVaw2FCTjX4C2HZd-Ns-WGMZHiBQtA,e4ce0b24df180b3cc9605ae8b4b956a9
t87BNp4IidvRYkVaw2FCTjX4C2HZd-Ns-WGMZHiBQtA,9f452e7f2b216ff1eef967feb755a821
pAsHvm5c_om0l5lFeIn3JMf1DqE8cq1hcPekPbRwa9c,f47b42ed518616b31d19f4444c112cdd
pAsHvm5c_om0l5lFeIn3JMf1DqE8cq1hcPekPbRwa9c,24cce977ee11782a91e5b6ff447c79ce
pAsHvm5c_om0l5lFeIn3JMf1DqE8cq1hcPekPbRwa9c,1fe9b857ea166f4b6be8bebdecef7e61
MINO0brW1_rwuxlK6qL5PLK3mFBQe4i4hO2cjxJbelo,7199a127c1c2b033c1b35a34b5d6b203
MINO0brW1_rwuxlK6qL5PLK3mFBQe4i4hO2cjxJbelo,8dbba980712a76d140631c6b530e0e82
En8QLW576zUomiqKqmbnAbRoQLtVzGaUNRt5zzNBYjM,ead00d8d17166da75b07acccd5d09f76
En8QLW576zUomiqKqmbnAbRoQLtVzGaUNRt5zzNBYjM,df9a4db93e77c8cadbef2452908a71e8
keIXnzG2_SICqPzhM1RpNigNR2A483pLl3s2E0CGNWc,f83d9a3947e8b59d3e8aa110a5137dbf
keIXnzG2_SICqPzhM1RpNigNR2A483pLl3s2E0CGNWc,f13110a3d0a2c346af9c361be3e68023
SzgZGEskBxSeXe2uoQ9AeQf_rbBcDh5JjoF2XS4W8ag,30ca25703df1c0a1645abd499542e780
SzgZGEskBxSeXe2uoQ9AeQf_rbBcDh5JjoF2XS4W8ag,a03671cd9a9f7bfde23a74a1b27679d3
SzgZGEskBxSeXe2uoQ9AeQf_rbBcDh5JjoF2XS4W8ag,e6d5e5b084444df150d6268b312fffe2
prtsQucgAHLEwpVjJJ-08y6-EIzTOo2JXvizWMjWK2o,3a9ef767547b43cc92c165b5edd600fd
prtsQucgAHLEwpVjJJ-08y6-EIzTOo2JXvizWMjWK2o,1e9e497cf0e86bfd8132ee5a20947c5c
GR0OfDwU5g67sz2zOj5aMhSgH7dbefnoTZVd-wlrp-o,4ac839208c55beb7c29bf50c201b7253
GR0OfDwU5g67sz2zOj5aMhSgH7dbefnoTZVd-wlrp-o,e0c71ee53ab18090d7a44bcba2d8bf4b
WYH5QZe9lRTXAQ-JiyDq7KCW5R0q-9At7_9JsaoJ80I,e0af1940e30346defec4c57fd8df2dbe
WYH5QZe9lRTXAQ-JiyDq7KCW5R0q-9At7_9JsaoJ80I,b026ce09e6b60f263b6fbc0f4f186996
T5_1Ztx0qIBb3WNgY74c1ifECdjCEAQymJC7rNUFTQk,0b48e829981c349462ac58bb06b87f03
T5_1Ztx0qIBb3WNgY74c1ifECdjCEAQymJC7rNUFTQk,7d9b4922b94331d8c88a526f589be748
y0QIxvL7kr3awB6w2ZSG-FVfXKeR7DCrBsqVql7BAhM,cfa39d2960be62b4d25a417c2d446a8e
y0QIxvL7kr3awB6w2ZSG-FVfXKeR7DCrBsqVql7BAhM,3d2380d9b480a07a7da1ca3850600a8f
y0QIxvL7kr3awB6w2ZSG-FVfXKeR7DCrBsqVql7BAhM,b42a2149963044f8ec26975e9dcc3978
3GqMbwCScUT-9HV_AYNEg15NJXnV1ucqd2iqzVIEU6g,bf43b36cdc4674ad7d8b8130fdaacc95
3GqMbwCScUT-9HV_AYNEg15NJXnV1ucqd2iqzVIEU6g,ea5c7d610d9890006db48d1902eaeec1
ukeiRGOQVbel106MYzhFhhyhE3iWMsb6ShJdu9avS14,74e1d60ed8cc6d9751d93ede5f8ddf2c
ukeiRGOQVbel106MYzhFhhyhE3iWMsb6ShJdu9avS14,1d0b5d9bd3d28d84a6df7da33f6e7329
ukeiRGOQVbel106MYzhFhhyhE3iWMsb6ShJdu9avS14,5a7955892b991d996fb1019e25a28bff
y8OKR7t2BZ0XWDuYRM4uFgHyLBJQQ1B8fwxjdbkH3zM,c24283efb3dd721970983cba61727768
y8OKR7t2BZ0XWDuYRM4uFgHyLBJQQ1B8fwxjdbkH3zM,0db3cecf5992ff2c04d05825973c25d9
0QW7SNzqmRooRGXql2nRJG5HmfgDtvxaxDcovjh9DRQ,3b44bcff450d8687a983c6ef6f979756
0QW7SNzqmRooRGXql2nRJG5HmfgDtvxaxDcovjh9DRQ,1e24ff69f27df8631e45d6cf39d768f1
5NEY_5lj3LQcxtHNYCjcqS5vMJ8okWrt2PkRbl8SWfs,99cb28cf1ba70b41e10c513e16b492ed
5NEY_5lj3LQcxtHNYCjcqS5vMJ8okWrt2PkRbl8SWfs,72fb056693a213a37810bf95b2156358
i2Bwkg7Wa4-SOZArgVeunqx2ZyrjaYk1NA-g4Da8VCg,c09cc8829ecb7586db57eb3396c1832c
i2Bwkg7Wa4-SOZArgVeunqx2ZyrjaYk1NA-g4Da8VCg,7fe795bd1b408748d82773dbb306ae36
i2Bwkg7Wa4-SOZArgVeunqx2ZyrjaYk1NA-g4Da8VCg,0e0c21fc0475dd8255ce1013cadec00c
vkFxfhTE30mCmnR67HYRg68RqO8ijppJdNDL9bVf05g,3c33537ea6a60f048eb12e594753b32a
vkFxfhTE30mCmnR67HYRg68RqO8ijppJdNDL9bVf05g,696151d44979573010f0797539040891
FlJ6-rg-jFweEckuyjjAv8WKCUezmttg_udsSCjFXdg,620c392dc4d87a99d8a46b5cc4e8fcb5
FlJ6-rg-jFweEckuyjjAv8WKCUezmttg_udsSCjFXdg,24a5a979f65f54dde93e39373627fc43
FlJ6-rg-jFweEckuyjjAv8WKCUezmttg_udsSCjFXdg,fff2bd95fb7f70e5da4761786e2c710d
85pSx8BihvIFzHAXyo4UIMehELIu_6AmakzM7CzmVHc,1c76dd73e6285e25a2c4c55ce2c0c6d0
85pSx8BihvIFzHAXyo4UIMehELIu_6AmakzM7CzmVHc,022ce742064f2d66c154183acf509bf3
85pSx8BihvIFzHAXyo4UIMehELIu_6AmakzM7CzmVHc,ce653c28af3d35d6b32b455f78c4cf93
vpjLNAha8VZXB2W0_4xNRPpNwYXjGJpj_nTPzMENOao,f17eba6b3254924940484155075da4b4
vpjLNAha8VZXB2W0_4xNRPpNwYXjGJpj_nTPzMENOao,bedd2b8722c1884674c58320e488f4b3
WY-foI1UM6dkA9wWSrOccAMQVbZAC2ay-PY6HNyK3LY,35b7f4dad512bdc57037a931a4611704
WY-foI1UM6dkA9wWSrOccAMQVbZAC2ay-PY6HNyK3LY,bb231b95cd58d109fceda6e0f92879e5
WY-foI1UM6dkA9wWSrOccAMQVbZAC2ay-PY6HNyK3LY,a49c0a408503d3ebe322f4c049bfacc2
d9tIaDZjr8t9DJAstEk0Tx373Ni-r80URAlZkLsDGr8,5172164997526c182da6ceee47d40359
d9tIaDZjr8t9DJAstEk0Tx373Ni-r80URAlZkLsDGr8,c51d658fd7b81a5f2b7bd21f966a1a46
d9tIaDZjr8t9DJAstEk0Tx373Ni-r80URAlZkLsDGr8,4753f180d8920e6ec03328fe385e9121
aaPAdgM3VmDUi5EFGFCWcT-uycp-3pjO77w937DNDZg,b4e06a8d948c3616b5f96386f5cc83b9
aaPAdgM3VmDUi5EFGFCWcT-uycp-3pjO77w937DNDZg,b5e5c354b566c320eef593bcada86f7f
aaPAdgM3VmDUi5EFGFCWcT-uycp-3pjO77w937DNDZg,aae2de9f03dfacbba1e0e634e70c584f
aaPAdgM3VmDUi5EFGFCWcT-uycp-3pjO77w937DNDZg,594de9e531d38d7254ab4ac5a2de44af
aaPAdgM3VmDUi5EFGFCWcT-uycp-3pjO77w937DNDZg,70e8f7a46bb3b4cde6fd297596c65ba1
59bc275b681516389ccf4162,f6a928aca04ac779b585e5f40978e03b
59bc275b681516389ccf4162,8253201baa6337eb0ad4398bad1834a9
Gxn8HOPPjfVFBVYSwGteHXwwPnv1E8SyLtc-bxXt5i4,47ec5d80ad50a6fe76a8ed4213607ac0
Gxn8HOPPjfVFBVYSwGteHXwwPnv1E8SyLtc-bxXt5i4,154fcb8f02f32829fb1b32073f48d510
Gxn8HOPPjfVFBVYSwGteHXwwPnv1E8SyLtc-bxXt5i4,ffb195b743b3a7426e7b209629a00e95
Gxn8HOPPjfVFBVYSwGteHXwwPnv1E8SyLtc-bxXt5i4,f86680076a78f6002e1a72528008beef
Gxn8HOPPjfVFBVYSwGteHXwwPnv1E8SyLtc-bxXt5i4,9a38c2f01993b5a96bf79a769cb6716b
Gxn8HOPPjfVFBVYSwGteHXwwPnv1E8SyLtc-bxXt5i4,b964fe7020695f2ba8306da2f98a511a
Gxn8HOPPjfVFBVYSwGteHXwwPnv1E8SyLtc-bxXt5i4,76ae479d09031f0a11681edbb9acec36
ela3K7d9qiwzugqKZNlQXf8SKGvTCYN9Uwoj6RdRDBk,d51f69801bc13f0a3a951d564970c983
ela3K7d9qiwzugqKZNlQXf8SKGvTCYN9Uwoj6RdRDBk,16b78aa434fbd88e6d465b38fd70cd4c
VJZOdVq5nG7XxV9OSj6ZJ90OTwNMAM_rdMZw4vpw0T0,21d580241e99e8158981572e522ec5c2
VJZOdVq5nG7XxV9OSj6ZJ90OTwNMAM_rdMZw4vpw0T0,34d1eb2efb0c04e88ad7a423e113540d
VJZOdVq5nG7XxV9OSj6ZJ90OTwNMAM_rdMZw4vpw0T0,25ba686cffe03dcbff785ab2ce4fcdec
VJZOdVq5nG7XxV9OSj6ZJ90OTwNMAM_rdMZw4vpw0T0,6ed5aa7c1c426bff83723e6cf328b869
VJZOdVq5nG7XxV9OSj6ZJ90OTwNMAM_rdMZw4vpw0T0,44e8a897f074218827501e29d95212e4
VJZOdVq5nG7XxV9OSj6ZJ90OTwNMAM_rdMZw4vpw0T0,efb29d1d903307924024f6bb7eb66f73
VJZOdVq5nG7XxV9OSj6ZJ90OTwNMAM_rdMZw4vpw0T0,278b095d248d20cd6db412da7a58e328
N_v-B6rOBm2zBgvH8te-ogcddG6Q_QuZVyWXuu_nrkI,694b8bda9f6546099c2a3ae09d80dc27
N_v-B6rOBm2zBgvH8te-ogcddG6Q_QuZVyWXuu_nrkI,581b8a20f3cab637991a1050c931dd00
N_v-B6rOBm2zBgvH8te-ogcddG6Q_QuZVyWXuu_nrkI,777e786e49a894861e94ae5246a723b3
9WqMFHDk2TR3-oEDL4YXL_OKUh8OpOnILG4cBw6JBdo,37adae70a4af6659023d5f5a1f3abfe5
9WqMFHDk2TR3-oEDL4YXL_OKUh8OpOnILG4cBw6JBdo,fb636e91c81428afc25a966fbae8b96f
9WqMFHDk2TR3-oEDL4YXL_OKUh8OpOnILG4cBw6JBdo,cf095af2039f4c687e34efd6e692e705
W1DhwegBSvAsBraLd1PNtjIcXFSHpIyVr7-PrEKV6BA,32484c96e86d3cd040f5bf481b3a2019
W1DhwegBSvAsBraLd1PNtjIcXFSHpIyVr7-PrEKV6BA,048aa352a99dd2b03fa68c15d49a6324
W1DhwegBSvAsBraLd1PNtjIcXFSHpIyVr7-PrEKV6BA,c3caedc9e424096a09b89da6864f8b58
W1DhwegBSvAsBraLd1PNtjIcXFSHpIyVr7-PrEKV6BA,34e426097193261992d134c419f26f75
W1DhwegBSvAsBraLd1PNtjIcXFSHpIyVr7-PrEKV6BA,6247d5e443deebaf40975a95f1efb040
W1DhwegBSvAsBraLd1PNtjIcXFSHpIyVr7-PrEKV6BA,a99242df9ceaccf8460bdcb581ab01e9
U--TFVlYwMGzYt80Abyn0wB99EwmbY0gcga35WEQ1fI,3bb6c3196aac1e88b76e0213b8259eec
U--TFVlYwMGzYt80Abyn0wB99EwmbY0gcga35WEQ1fI,d0a6348e3a475b0e55845a617a9d230a
U--TFVlYwMGzYt80Abyn0wB99EwmbY0gcga35WEQ1fI,138411c73f191dc3b636507402353c21
uf08nHj8NW5bU1jKEJqScNvFUONolbU1e2GOkQbJx4E,9ead3568a7f49411570e5693a710ab92
uf08nHj8NW5bU1jKEJqScNvFUONolbU1e2GOkQbJx4E,eed29c1ec493760862596ceb2f062430
AQ4chw5ez_DNNqEY0C7iIheOk4DEcyvZX0oDXQN_SZw,996a1af75c409951f3620c157b36d4f1
AQ4chw5ez_DNNqEY0C7iIheOk4DEcyvZX0oDXQN_SZw,fd1639d688cbbe24da983bbb0ffd734e
NstLEdWIquRPVL4FtyjfQu5cMWSx_896oZSU_6cMdr0,d25050c60d5923dbb4911471e7c474f3
NstLEdWIquRPVL4FtyjfQu5cMWSx_896oZSU_6cMdr0,a59079bd020b63e8141e49927ba0d2c7
NstLEdWIquRPVL4FtyjfQu5cMWSx_896oZSU_6cMdr0,5f38c9e62bf47b99a0e63db61bfef9bd
WY-foI1UM6dkA9wWSrOccAMQVbZAC2ay-PY6HNyK3LY,4ffb3cce30702c9a24526bef78e552d7
WY-foI1UM6dkA9wWSrOccAMQVbZAC2ay-PY6HNyK3LY,ad64cab58fac6818ec11cb9786ae0d13
59bc276e681516389ccf486b,bce6676f1b7b959ccadc20953b1d04c0
59bc276e681516389ccf486b,d210d084c63b34d50c46b7fe1a779cdf
59bc276e681516389ccf486b,681ee1c1de3d9c838f5f6102896589ac
59bc276f681516389ccf48b0,e5a63421d5a185d725de3014d7037f98
59bc276f681516389ccf48b0,8422e15b061d352c93cf55735bfb367c
V6jr-aA22MaxiaYEruDoNWu25IxqKfO8dNTvxnXLElc,c30ef62890aaf392fc51cc3e259685a5
V6jr-aA22MaxiaYEruDoNWu25IxqKfO8dNTvxnXLElc,5e09e1b0d43b6c430709a513f594c591
V6jr-aA22MaxiaYEruDoNWu25IxqKfO8dNTvxnXLElc,f79cb7b5c4ef28c3bcf259e23b3c06a9
K7M5hwCYRUP6JUGRu6Aw1aFFUr8hxcc2HfxvINNgM-Q,81a1150a2f6f46fa6eaa019f36bb13e6
g5dXQOee9z0ycjenYwpludqK5JBLEXxA3VAPP7S9jj4,177646284b48a5bf7dec423b3b78221b
g5dXQOee9z0ycjenYwpludqK5JBLEXxA3VAPP7S9jj4,87d5654711832da50e353d8c08aceaa1
g5dXQOee9z0ycjenYwpludqK5JBLEXxA3VAPP7S9jj4,0ed510afeb88026e7ddfe37186fe3095
k1pRntj05Wsoev_SLDOZ1d6T3f6RuQxx3HxHNuy0Dck,5403e49efe469c37f5105af5e28c0452
k1pRntj05Wsoev_SLDOZ1d6T3f6RuQxx3HxHNuy0Dck,94fd4f02b1b324371dc1ce788cd20546
SkGkB_nxSWIrR1nPm021UAlPqKb-hUSVnqNxf5DZiSo,13ba0380c7727032b7cfbc1792da0758
SkGkB_nxSWIrR1nPm021UAlPqKb-hUSVnqNxf5DZiSo,7d1018b1d31364f067c46beb6efe1755
SkGkB_nxSWIrR1nPm021UAlPqKb-hUSVnqNxf5DZiSo,efff3ec624f71c18ac23fa9f18fa9be3
DCv4XY9qnXbJwsYWLdQ_NBn9P_eS1a3CGkIVjCs70r4,89299e096246572e31074c3774a2a59b
DCv4XY9qnXbJwsYWLdQ_NBn9P_eS1a3CGkIVjCs70r4,d18ebb052e15aa67ac0b19c0c2f834d1
p4x9jFL_gMbiDN8z3NIPNVSla2s9y6SEnQh8Z3d2-tU,9ea76bbcda5350dfd27bb40eab9162ab
p4x9jFL_gMbiDN8z3NIPNVSla2s9y6SEnQh8Z3d2-tU,494077a2861613354b874ee2137f4910
p4x9jFL_gMbiDN8z3NIPNVSla2s9y6SEnQh8Z3d2-tU,c73b0e6747b0da0a26f1ac164bdb16c9
JpAYFyDkWKxxJ_CEJLW7J6pAHNDENq07_NSFgTN2K4E,05bf05a5eaa2729f70e0db6f3c8e320d
JpAYFyDkWKxxJ_CEJLW7J6pAHNDENq07_NSFgTN2K4E,f43ae9378e9251e1e943e1999e36c488
59bc2768681516389ccf4632,e0c4fab2449074f798ab0b332915ff9b
59bc2768681516389ccf4632,5910de43f55545b3c0e43b39df75c778
59bc2768681516389ccf4632,08514840d9032c1e86af4abe1e15e353
59bc2768681516389ccf4632,efce5077b601761095bb863a78061bd0
jpCMhSbmRPNpbDdZdI7hZd8Y9av7i5cn29ylTCJHxfQ,5b98d56c7f8a01459589c72ad460988e
jpCMhSbmRPNpbDdZdI7hZd8Y9av7i5cn29ylTCJHxfQ,d3d515ca7f7aee0f80846995087f7890
jpCMhSbmRPNpbDdZdI7hZd8Y9av7i5cn29ylTCJHxfQ,8080185c91d8634236becb7a7e464686
PMRjxBjzHBVxfATw1fX5GG8Ksyp_7BkqdyWaDvho-tc,a616e6c6963154418ecf396ab6b53ee9
PMRjxBjzHBVxfATw1fX5GG8Ksyp_7BkqdyWaDvho-tc,25fe482271a62671bec6d8929b920738
PMRjxBjzHBVxfATw1fX5GG8Ksyp_7BkqdyWaDvho-tc,89c28bc4bbadc4241bfb936c8b1df07b
PMRjxBjzHBVxfATw1fX5GG8Ksyp_7BkqdyWaDvho-tc,196b5d8b3d1d557b82cc7287d0615faf
PMRjxBjzHBVxfATw1fX5GG8Ksyp_7BkqdyWaDvho-tc,4a18a4d909c03456fa0821283f797045
VxgGThp0gjU9NAML00vBddEijYj-rR66kjxsfsRUqiw,6c923c0d71c196f974e1a711fc1c990b
VxgGThp0gjU9NAML00vBddEijYj-rR66kjxsfsRUqiw,b6bda77b53b7081bf6e0f1eb849cdb89
UGy_sdIHzARXHIDtWBw_lKvsTzj4WHcobmnJRQ2uiw8,6e28d8ea8ad6a99bc5dcf4461e3c693a
UGy_sdIHzARXHIDtWBw_lKvsTzj4WHcobmnJRQ2uiw8,f116e6fd2172d006ac6ccf34c7751945
UGy_sdIHzARXHIDtWBw_lKvsTzj4WHcobmnJRQ2uiw8,c9fe7e8b21051e50f104515df0c733fd
b8lbSlmABHQ3WjdWXt7FDitnjCHBSkUz42oLXRqu_DU,37f5c26aca3dbe239757d5b8dcd9adee
b8lbSlmABHQ3WjdWXt7FDitnjCHBSkUz42oLXRqu_DU,c7d5790fdf328f444eb76c02a4cbd9ae
b8lbSlmABHQ3WjdWXt7FDitnjCHBSkUz42oLXRqu_DU,e82657356750962caf1d695a35a1be90
rVgKz6uA6gO8wmtxkY8oU3Fe3k6OHDOAhAPbGVpY32A,8236d77cafce31d968198ce4b1763e11
rVgKz6uA6gO8wmtxkY8oU3Fe3k6OHDOAhAPbGVpY32A,837f31a3d24e1d5eed2a3ee5a07405b7
qY9aOKuirc4g-3LxZYZYvrZcKyGaf2iX2SQOQPoVdmg,dd86a53ef0e2e08dccb40728642daba6
qY9aOKuirc4g-3LxZYZYvrZcKyGaf2iX2SQOQPoVdmg,ce8632b764525e58859c0b78b1f0182f
qY9aOKuirc4g-3LxZYZYvrZcKyGaf2iX2SQOQPoVdmg,9261cc0ecdd1428dd5a8cb16a7f99108
qY9aOKuirc4g-3LxZYZYvrZcKyGaf2iX2SQOQPoVdmg,a6001adb11625eb9d8c76e87976f7979
R7EmGW8u0dw6dk6_g2Slckq0QQ2DwBvT5Wh0vZtRgD4,7f2ddf85060da35cce5d6ded4315b7ce
R7EmGW8u0dw6dk6_g2Slckq0QQ2DwBvT5Wh0vZtRgD4,44f22ad97586d277709aeabc3f1ff771
DL_WAdynzJel4FVSUAOJqQAjVrOc_Me8LZa4al2ZqXE,38003146107bacdcb8412feef422664e
DL_WAdynzJel4FVSUAOJqQAjVrOc_Me8LZa4al2ZqXE,e04c15e7611a9b03b1f1920631f8f113
f5nHfVaq9zhTSzegIjT27PK43lmiUeYo9CKJ4xLmsMI,a8385e3e944ea7e3a9244bd1ba9f5c99
f5nHfVaq9zhTSzegIjT27PK43lmiUeYo9CKJ4xLmsMI,9e4274343d9e5836d8226bb9a553c2e1
KGzJCosVL4DMUh9g-nEl4D_7TwPBCQ6hipd87aOxtWw,1be7fbc3ba971595ed6b9c70544b8f34
KGzJCosVL4DMUh9g-nEl4D_7TwPBCQ6hipd87aOxtWw,3aa17fb43faf43147529b974dbb433cb
KGzJCosVL4DMUh9g-nEl4D_7TwPBCQ6hipd87aOxtWw,c276e46b0163c8c1b445b4af9aaee8e8
v3mVsCbLKr2qKvlhPa2TfR9ijZ-amgpxTRx5n_n2Lm0,e4448c055e46ead290ddac95e4b85e17
v3mVsCbLKr2qKvlhPa2TfR9ijZ-amgpxTRx5n_n2Lm0,b504b876fff2defb1c693fe024e18a53
v3mVsCbLKr2qKvlhPa2TfR9ijZ-amgpxTRx5n_n2Lm0,3359119b06e3e125e92bec6a2b8e974f
v3mVsCbLKr2qKvlhPa2TfR9ijZ-amgpxTRx5n_n2Lm0,749fe245da2141a5029a0aa35a8dee64
CE5PaY-_MjLeFzqHc1WwCbJjCAM4xva20sWN7MPPLmc,1e5d68b1a98e6827e873f0da8e2c5072
CE5PaY-_MjLeFzqHc1WwCbJjCAM4xva20sWN7MPPLmc,db4e6e3441dc7d27e30c45568ebe32fa
CE5PaY-_MjLeFzqHc1WwCbJjCAM4xva20sWN7MPPLmc,c671d7b384813c695d7badf185a04c6a
V2eo5TFgvj4wj5oyVrzB7-vwmswZEwWz762-XuRfzls,abee0014beebdb5eaa95a0d10e70acb1
V2eo5TFgvj4wj5oyVrzB7-vwmswZEwWz762-XuRfzls,3d87933edabe81c587d7f4a59af2a918
V2eo5TFgvj4wj5oyVrzB7-vwmswZEwWz762-XuRfzls,5a08e842963b6b25ae46d828a57521b7
489HgtmBtqFJ9c4i5YSmS5RcbGxfg0kUD5him8uUE1E,f71180f35a8dc76281069a383a69afe9
H8jB3UHeLJWmknB1gVWrteMIRwI2JOXYnglAz_t4pTM,46b37958ebb55cbb9ca7e103c344f256
H8jB3UHeLJWmknB1gVWrteMIRwI2JOXYnglAz_t4pTM,a648f38355a628804b03be4a39aa1601
H8jB3UHeLJWmknB1gVWrteMIRwI2JOXYnglAz_t4pTM,c0a0d7d6de4019bd5007d71c59103539
NU781sAsq4b4CtVf1wqf-ivPX0wwDn64WJUL1ZCkTQg,59276a3b1b21d72cd467d84575876a36
NU781sAsq4b4CtVf1wqf-ivPX0wwDn64WJUL1ZCkTQg,4e33ffe232e61aad9150081f59398211
SIHAb6fgQDObq-GM6uTbh6snDvVmC0A2B-GKzkEUssI,41ef8ad75f67734752216e46d680b696
SIHAb6fgQDObq-GM6uTbh6snDvVmC0A2B-GKzkEUssI,1cd1e4549e2156c88ac75f99c25d7873
SIHAb6fgQDObq-GM6uTbh6snDvVmC0A2B-GKzkEUssI,675e4bc1ac4329ab50f9604a320668c1
7BmrrDp9qXfGuZxXJpTZjvJ9gpp5dMYWDQYV8yNxFOM,c245fc17f4d7ee473275fae9bd0a22d0
7BmrrDp9qXfGuZxXJpTZjvJ9gpp5dMYWDQYV8yNxFOM,960c3decdfb159cef5c490c6d879d223
N1iLWrIpDkxDyjcZb-It95lRyaa962Zzwqavgsp_yGs,22121ddcf1956c34fee0336b3aafc034
N1iLWrIpDkxDyjcZb-It95lRyaa962Zzwqavgsp_yGs,c0ebb0225f3121e5058c802ba9be3866
N1iLWrIpDkxDyjcZb-It95lRyaa962Zzwqavgsp_yGs,2862cc7200e419a345c14c00edc36d46
MtUohvFgj2NX2MFhcLamQ_bJz5fOGfdVJgCD1vdI53s,643616999cd14df9e0fc205f2bfd8209
MtUohvFgj2NX2MFhcLamQ_bJz5fOGfdVJgCD1vdI53s,853e298d9bf5a11f3cfba6ef9e863124
MtUohvFgj2NX2MFhcLamQ_bJz5fOGfdVJgCD1vdI53s,31ce8cb434228dd928c2e9d8e69f71dc
MtUohvFgj2NX2MFhcLamQ_bJz5fOGfdVJgCD1vdI53s,3f8cd90a333ce7806d280b523c7739bf
I5GFuCtUHboX3aGbon_rYuCPxc8wyUZohwvvPB24j-s,e2eb30df9e4be8e8cec37b0af9b56a99
I5GFuCtUHboX3aGbon_rYuCPxc8wyUZohwvvPB24j-s,857ec0bce2c24adb24f28b7739a52ea9
I5GFuCtUHboX3aGbon_rYuCPxc8wyUZohwvvPB24j-s,4748372f85fc26144ff5905840615b4f
ndQmIqL9tdnNKKZzeQPLHaG1oLf1UBIIF3I1sHvWExY,0514ad5150305573ec6e57daae5ebf79
ndQmIqL9tdnNKKZzeQPLHaG1oLf1UBIIF3I1sHvWExY,f5ce1ca96c5568efb43f937644d72222
ndQmIqL9tdnNKKZzeQPLHaG1oLf1UBIIF3I1sHvWExY,b459a848e59754adac93c22fbf562603
ndQmIqL9tdnNKKZzeQPLHaG1oLf1UBIIF3I1sHvWExY,26a77a019f119b6b3150e505f02c5d57
ndQmIqL9tdnNKKZzeQPLHaG1oLf1UBIIF3I1sHvWExY,ae693e97757ad02cb77c01247d4524cc
TpKPp47HoA807XrETDbC9bDhKoirCmnJfVT6yE3R9Vc,1d661ef1cbfd6ad46c3188ca2a27bd5c
TpKPp47HoA807XrETDbC9bDhKoirCmnJfVT6yE3R9Vc,46f0bfaa3cba524b6ebea92230ff8b30
Xu8qHbFzez_Bykc_DlvQg73scmKM7BHKkxhQy2CtNa8,2976a25d9836e8ab0af512b661a54f16
Xu8qHbFzez_Bykc_DlvQg73scmKM7BHKkxhQy2CtNa8,a8084be5bb778809a7f9069aeacff122
Xu8qHbFzez_Bykc_DlvQg73scmKM7BHKkxhQy2CtNa8,57aebb5b0d783e7e4ee0da4f1af4401c
Xu8qHbFzez_Bykc_DlvQg73scmKM7BHKkxhQy2CtNa8,090605f41513e85fbf4604b517b88951
Xu8qHbFzez_Bykc_DlvQg73scmKM7BHKkxhQy2CtNa8,7eac567bcc9c191aef2e8eee19177aca
NkZbQWliIwOJ1C4CUNPbGMusJ9dNu-5gbuTCE2wvBK0,0bf5db8026fba0c2727f7f0c0a718d46
NkZbQWliIwOJ1C4CUNPbGMusJ9dNu-5gbuTCE2wvBK0,2c45a50c61a7eacdb33e9629e6524eac
NkZbQWliIwOJ1C4CUNPbGMusJ9dNu-5gbuTCE2wvBK0,4674effc98471570ad844ea5831d6353
vgx-3bglRTWmdrlYZxZSY0YhHRlGr5uvvzCqCrUDFbw,f5778c6914d51e01633f9b179100b633
vgx-3bglRTWmdrlYZxZSY0YhHRlGr5uvvzCqCrUDFbw,f37b67f07f0393fe6f416ac0e16b6523
4qlqgGEPnbkySuq_MAHB1dC_t_ltqTgeKo0e4FPSxH4,63550603c07b204075a4dded04f2d0d0
4qlqgGEPnbkySuq_MAHB1dC_t_ltqTgeKo0e4FPSxH4,d5de45040ef52f29f568c02964fa8cd6
4qlqgGEPnbkySuq_MAHB1dC_t_ltqTgeKo0e4FPSxH4,e34661a66f7d9b32a48ef2abee55a706
petaqFJr80kYQwcULgKLBZM751R31wsHcdxSrjGvw6M,9b28d95c894e551e9b7870bb10a23c27
petaqFJr80kYQwcULgKLBZM751R31wsHcdxSrjGvw6M,61ce6ed008e088e844296448ab1a9b89
petaqFJr80kYQwcULgKLBZM751R31wsHcdxSrjGvw6M,cf8baf1bd6738c918c1d92774f2eee3d
U5odvYdNQNabJPINniKdxmribHCOH4UXSBixAe_Qe-o,906d2eeb58998c2c9b34f72bd9495c47
U5odvYdNQNabJPINniKdxmribHCOH4UXSBixAe_Qe-o,fda4be9c856751d9584ada4fd3404c5a
U5odvYdNQNabJPINniKdxmribHCOH4UXSBixAe_Qe-o,47d3b028f2d934d690a3863fc6aa74cb
U5odvYdNQNabJPINniKdxmribHCOH4UXSBixAe_Qe-o,b15add0b4309c096933b232ade238310
D00-s_iSFJTuoiceXOtt6DfE-ozZOtePxcy-kZQFrNQ,c1ba81154903246a30bfa0d776fa0efa
D00-s_iSFJTuoiceXOtt6DfE-ozZOtePxcy-kZQFrNQ,f7dce34481e17bf92bd096f432b6ab2c
D00-s_iSFJTuoiceXOtt6DfE-ozZOtePxcy-kZQFrNQ,7e49d30cd6fae63842d7942f2f488fef
D00-s_iSFJTuoiceXOtt6DfE-ozZOtePxcy-kZQFrNQ,93640b6e3786dd218d5344ece0620f1a
rHuEAA6EHJt4hz3VfhWpBrqR1lsecV8IHbeZXuBSTtI,faf8eb35c7f9f5c3c969f130200e747c
rHuEAA6EHJt4hz3VfhWpBrqR1lsecV8IHbeZXuBSTtI,e04a947883793763a75c12c2778f4b89
w1-o7ZTIxV1_Ny-2JD9HhO1vMWfa1rDq7m4tMKBb6is,685f73fabe48097e0463e911c12a3f2e
w1-o7ZTIxV1_Ny-2JD9HhO1vMWfa1rDq7m4tMKBb6is,6f4cb36974be397f123c35f1b6b7bc33
w1-o7ZTIxV1_Ny-2JD9HhO1vMWfa1rDq7m4tMKBb6is,e0fa376a87a6b7bfe045c380c357fc79
K9VX6X7rI2rZvdTu2gLntz3QJ8U6uNnUKcXmt5R5lYg,e29ec90a472248fef37d0b0a21a77f35
K9VX6X7rI2rZvdTu2gLntz3QJ8U6uNnUKcXmt5R5lYg,4a732a967739c7e13acebcc2593f44a1
jX5uELDMPHB1r9RnA1o3R_JNVNaViHpbmIxAH3v8DnA,ae8c6a81ebb86c1b82b6682a8308170c
jX5uELDMPHB1r9RnA1o3R_JNVNaViHpbmIxAH3v8DnA,5cd7d90da2aafa18511f5f521ed30abc
jX5uELDMPHB1r9RnA1o3R_JNVNaViHpbmIxAH3v8DnA,a6c5477c70a188c29539838e869d4ba5
kmHT8QMfCU_tKs4IRz_HopuquzIQN4F8iJrv9uixchc,f5eb074c970bc065d160bb0dd4a073e2
kmHT8QMfCU_tKs4IRz_HopuquzIQN4F8iJrv9uixchc,bc545e599ff40b28594bc823503bf1a8
5TM9fQDmC20gmmXZuGLU0ucsepZRpx_SI-cW_afGpuk,97bc0228b8c44d66607a5a4f3d02504f
5TM9fQDmC20gmmXZuGLU0ucsepZRpx_SI-cW_afGpuk,be8d2bd79e1c97080480f5141cf7d79f
PsPb1_Y-xHLFmJ77Eu31HDfArlxoAzSN0v53MQA_Sik,d592592059ebd06c85788b92b6d8a7ca
PsPb1_Y-xHLFmJ77Eu31HDfArlxoAzSN0v53MQA_Sik,cae4040ec2e8d503e5f17635f287c549
PsPb1_Y-xHLFmJ77Eu31HDfArlxoAzSN0v53MQA_Sik,bc306267d3a58d6cfb39693873aad447
3lqFXTxm9s3cltziV-MU0Ru7SIFr1crgfkpYlty3_8o,8312b9df29a2ba88e95089426210d13b
3lqFXTxm9s3cltziV-MU0Ru7SIFr1crgfkpYlty3_8o,c092e8da44db16087802253ddf86d071
BwIaXUO8HI5MpHaVqxuAiZ01pls4gM6FagV9b9ts5WQ,3227ee32479ac93843899cd9fd6faffa
BwIaXUO8HI5MpHaVqxuAiZ01pls4gM6FagV9b9ts5WQ,40ac90ac67324940b9ebb119bc2c97d4
2gXmeTyx3QNggAJ-oY6U8yrt5NDp8J7zfYQb-xSB434,09cc78365424288d02713d4406024908
2gXmeTyx3QNggAJ-oY6U8yrt5NDp8J7zfYQb-xSB434,b0d9af6831413eb3cd5689f4d2c90e01
YkL0GKk3qFOHQeMhcd90Ow1VoP6KXH4jEzj2G9mBn3k,725121edea2836938e5bf6de2bebb7f2
YkL0GKk3qFOHQeMhcd90Ow1VoP6KXH4jEzj2G9mBn3k,c24d9eaf3e3978eed5709ec4dab208c7
YkL0GKk3qFOHQeMhcd90Ow1VoP6KXH4jEzj2G9mBn3k,23b1c1f10fdd67447a8fc2cfbe2e73da
YkL0GKk3qFOHQeMhcd90Ow1VoP6KXH4jEzj2G9mBn3k,1eb6d74c591c508f4a032c438156164b
HWfg0CiSonnq7E6tGpyVuy9_c8-o11_7H9LcI4MmqUk,219037e52331665aeee34e111cad2423
HWfg0CiSonnq7E6tGpyVuy9_c8-o11_7H9LcI4MmqUk,b4baf35bb95b146afdb77b5a4def03e6
C8kR58Bg0CKU-zFCa6TrftedwuJcB0fc4668peTaQAI,bc408b92935ae83bbbbda6c6e8eebd23
C8kR58Bg0CKU-zFCa6TrftedwuJcB0fc4668peTaQAI,4e02c0c8893ece12cbcf34451fae486c
C8kR58Bg0CKU-zFCa6TrftedwuJcB0fc4668peTaQAI,ed00a3b10425a1f7d71ed160b0055e76
C8kR58Bg0CKU-zFCa6TrftedwuJcB0fc4668peTaQAI,aab22a24e41895f73b51ef524a263d9f
jw4ADW38_ehDYm6YP4yV6se4PZRG9nDgWz9ceUwyIsU,c0252b2cbd8e640eeaf0fbc905b411a8
jw4ADW38_ehDYm6YP4yV6se4PZRG9nDgWz9ceUwyIsU,a625eda3914da1d14e67b123dcd3830a
jw4ADW38_ehDYm6YP4yV6se4PZRG9nDgWz9ceUwyIsU,12d92458269f28d9e8ea005e34326719
TlIG_3sXZLuH7T9nQMivDNnzJn4fFYQy1P0KqC3ldUQ,a43636620da6d236b73ef98ee1eeec9e
TlIG_3sXZLuH7T9nQMivDNnzJn4fFYQy1P0KqC3ldUQ,d2111ffdc00efdfc44f3ae90c828b113
Z7esnQj4rKzaYeCyHY-vstUkv8kqEPnpJb2lWQkUfJY,6d83c73b4928deefbb4dd14636cc62d4
Z7esnQj4rKzaYeCyHY-vstUkv8kqEPnpJb2lWQkUfJY,66bf06df66854bb319cdeee444309f9f
Z7esnQj4rKzaYeCyHY-vstUkv8kqEPnpJb2lWQkUfJY,df464cae0bb9369703ffb7bfa3cfc42c
kXcmuWtWua9QBmggl8WinzOTK699TzhEB-Ppwb7FjV4,0bda071c0200507071eebe8733460588
kXcmuWtWua9QBmggl8WinzOTK699TzhEB-Ppwb7FjV4,21014549d42e920167318457cfd1a4a5
rXs46k2bHAvb30z4uJzjiDdJVFrKkC4ZkvLGHHWgjtk,8525675519542a2b825c33907282eb41
rXs46k2bHAvb30z4uJzjiDdJVFrKkC4ZkvLGHHWgjtk,eec202ad17c613a91a73d495325f76a4
rXs46k2bHAvb30z4uJzjiDdJVFrKkC4ZkvLGHHWgjtk,6d1b26056f2c89902ae00c6bf2f9bbb1
rXs46k2bHAvb30z4uJzjiDdJVFrKkC4ZkvLGHHWgjtk,c350476589e98966be79b54422460fcd
2_BeBSniuQH0bL7o-bh2BqWPFbUcf0t8XI4dxewSUbc,954af416c2f7cdf24cc3825ee64626f3
2_BeBSniuQH0bL7o-bh2BqWPFbUcf0t8XI4dxewSUbc,53e2c28ffc9243cc221c47f83e22e71f
6VGAL0i8H2arwCCu7CK2I_kAVbQY7zFp2qeIRIekL7Q,57e284aeeac5f15077478a3244642b71
6VGAL0i8H2arwCCu7CK2I_kAVbQY7zFp2qeIRIekL7Q,e7b7aa114747853c8f1dec6aac778d75
6VGAL0i8H2arwCCu7CK2I_kAVbQY7zFp2qeIRIekL7Q,ac8f7e536102a7df455641deda84c713
6VGAL0i8H2arwCCu7CK2I_kAVbQY7zFp2qeIRIekL7Q,30ca2e9bd0cfbecd6940e437bdefc519
ZMVjJy1LazGLdP6feEfT8MWqpNBvw0_G0GfNsbwqvrQ,9205aa6a63767e1d9cefafb4c6494033
ZMVjJy1LazGLdP6feEfT8MWqpNBvw0_G0GfNsbwqvrQ,11cafff8a124f659eb1cd393477c1fcb
ZMVjJy1LazGLdP6feEfT8MWqpNBvw0_G0GfNsbwqvrQ,b7d0ef37723c2434e3cfa0c347ef0b98
sp4sZkTs3ceVv3gizbv3lD2PSQvkQjerP2VFEZ9Vi1Q,e2e9e155015a1e84707f16d6913b5298
sp4sZkTs3ceVv3gizbv3lD2PSQvkQjerP2VFEZ9Vi1Q,5765af871252fe17107ee6cccf6123f2
sp4sZkTs3ceVv3gizbv3lD2PSQvkQjerP2VFEZ9Vi1Q,ccd54fab417dea7c7ffdc7e6effa1c44
2_BeBSniuQH0bL7o-bh2BqWPFbUcf0t8XI4dxewSUbc,5a1ae91302fc1ee70acb4381595b8f3d
2_BeBSniuQH0bL7o-bh2BqWPFbUcf0t8XI4dxewSUbc,0cd30148a3730f3c3e9c9b517d36e7c7
2_BeBSniuQH0bL7o-bh2BqWPFbUcf0t8XI4dxewSUbc,b4e924cb981ff3f2df72f73f27ebd9c2
2aJQIOdBbvgYWOXDRTI8J1oInWp27begNBGx8LNRYGo,654d41745327393ae66fd0d462b7f3f0
2aJQIOdBbvgYWOXDRTI8J1oInWp27begNBGx8LNRYGo,aa592a0a4516a0ec2f0fc96f5fa37f8d
sViq7Zrbp5qpdGZk0ZgTOX6s0Cpid5L1D4uNRseSxII,79eeb7776a4fc3de66a5d670225dd95e
sViq7Zrbp5qpdGZk0ZgTOX6s0Cpid5L1D4uNRseSxII,74ecd5e01d07e06c680b51afe769f8bb
sViq7Zrbp5qpdGZk0ZgTOX6s0Cpid5L1D4uNRseSxII,3e013f3ccdb4984a074efc7dec6293af
c2CHx2YHCJjx_nf5thSriGeQUY8GJL5Qzy-f9018xIQ,cee7789d4028bce96d74b7411343ec46
c2CHx2YHCJjx_nf5thSriGeQUY8GJL5Qzy-f9018xIQ,21d950173205a9d6e098449652503e1b
c2CHx2YHCJjx_nf5thSriGeQUY8GJL5Qzy-f9018xIQ,5ec594450507530432ba7be503ce6054
4PHz7YSvqsSLBdU2XPf7lh9ORQC-0B-dukLIG4PxS48,e7259e2a3b64a1c8c3e3c7a5dafbbd9c
4PHz7YSvqsSLBdU2XPf7lh9ORQC-0B-dukLIG4PxS48,c2530cda2c356f4163772c4906cb36ad
4PHz7YSvqsSLBdU2XPf7lh9ORQC-0B-dukLIG4PxS48,c2127e9d51ae482c6d8f49434b97f9e4
4PHz7YSvqsSLBdU2XPf7lh9ORQC-0B-dukLIG4PxS48,a1331829a683622936661cf6782fc128
AaEqTg39qkCJ41BcJeiby0-CYzNz0luCsYgL_JvdEoE,c01c1237182dad51a6264972d2670e8a
AaEqTg39qkCJ41BcJeiby0-CYzNz0luCsYgL_JvdEoE,037d5dd47e50fcc88508a96d8161f1d6
xwcqD8P1nUdPsbL-3pwTrTDXXinilscO7PSOl89Ah8M,1d9d8dead13f4f27b0c2d552c1df5597
xwcqD8P1nUdPsbL-3pwTrTDXXinilscO7PSOl89Ah8M,86cd4b3823f0417598509949a06b7c87
xwcqD8P1nUdPsbL-3pwTrTDXXinilscO7PSOl89Ah8M,c1ccd36ccfbc58feb865e8ed41837fc3
xwcqD8P1nUdPsbL-3pwTrTDXXinilscO7PSOl89Ah8M,1444511731c7cef5f34e372448272de4
y4rG6XGshWsfjBeobfxuYIm6I1GMMCBHUYZOiAJh0sk,0bf476220d1f87e000a07885a76d414d
y4rG6XGshWsfjBeobfxuYIm6I1GMMCBHUYZOiAJh0sk,6e3591f7bcc3c6d757b00b9c2de7261e
y4rG6XGshWsfjBeobfxuYIm6I1GMMCBHUYZOiAJh0sk,cff10660f4fa8cd4ca02c0c5ec895060
y4rG6XGshWsfjBeobfxuYIm6I1GMMCBHUYZOiAJh0sk,3c84a37edbd4dfe623a24795c28131d2
y4rG6XGshWsfjBeobfxuYIm6I1GMMCBHUYZOiAJh0sk,8096491c2df613c6f566a9be8778702b
EVXFFYf95mgXGg2zze_8SymNla9zM3xx-GqGqfyFFb8,90ff6403171e967fa0da7939b3302c2d
EVXFFYf95mgXGg2zze_8SymNla9zM3xx-GqGqfyFFb8,3779249b74ba78710674cc542ba733fc
Yjvw2sx9u1J7SBbPbOvbiVLlAHgxoTTgLIkcRBRYkfQ,c805b1a3120b87f66bba31af88baf82d
Yjvw2sx9u1J7SBbPbOvbiVLlAHgxoTTgLIkcRBRYkfQ,689b09dea6681654bcf95594dd14fa5e
ZtCB_Rlk9ClRlA24anmshJc-yi3MsBm3w7IiD9hO3SI,67d0cf11d09b2bef28eea2cfb984c9c3
ZtCB_Rlk9ClRlA24anmshJc-yi3MsBm3w7IiD9hO3SI,03a19517c7d2e0ac093ccec656df57ca
ZtCB_Rlk9ClRlA24anmshJc-yi3MsBm3w7IiD9hO3SI,5f2307b71cd97e325c3b313a4cf7a279
n3jnfpTNc_uE4yo22sGNY67Ha74tyA4DPSJNMBEGVlQ,0bd0e9b46ff6deb6e1a0b88dc655ac68
n3jnfpTNc_uE4yo22sGNY67Ha74tyA4DPSJNMBEGVlQ,5c77cd5a932f0c14bb4d9a3c9ffb826f
n3jnfpTNc_uE4yo22sGNY67Ha74tyA4DPSJNMBEGVlQ,f820e4866465582058d85a7b0fd1fde5
h1R0i5v35ye65k_bqxsbs8-i-62Rft4XsClqBepNYCY,2544832722170aa8f01e36ec3cffe047
h1R0i5v35ye65k_bqxsbs8-i-62Rft4XsClqBepNYCY,d9ce74d7ba9ba84cbf1470221785107b
LIYKBlhyjwMidV3G3uol5s3JXNimymtR5lma4KThWks,24c9af4e0d65b232f29fea8b5da3a774
LIYKBlhyjwMidV3G3uol5s3JXNimymtR5lma4KThWks,c556ad126a789585be7912a6baf34771
LIYKBlhyjwMidV3G3uol5s3JXNimymtR5lma4KThWks,13d0e9c3fd73d5554c0903376395df92
iz7qazrukhbGGtbVjTcbN8_n7qoKwtbHgJ26GC0fhzY,fddf4759ae19c4c58f096890324cbbab
iz7qazrukhbGGtbVjTcbN8_n7qoKwtbHgJ26GC0fhzY,cf41eb238c787a42ee1128a37f022539
ieQvI4RQ7K-7D9-xdUgq9wEYFOWlQJy1AMApllSRpk4,266e72a20e7e0f4c0119bbad4825887a
ieQvI4RQ7K-7D9-xdUgq9wEYFOWlQJy1AMApllSRpk4,b9506ba8076d2452ccd797a53692ab28
ieQvI4RQ7K-7D9-xdUgq9wEYFOWlQJy1AMApllSRpk4,4e205dfee0948b4e88e67c74c1580834
4ILmdGi7cOtZv6qiQ6TnehCUU3OOI6M3K4S-c7Ir-LA,f5a2b8f520dadc515c2e0c3f1c6a4038
O-WUYdJIDRNO9f1P-24DLIndqZa-IExQTRgKGbnXvqU,b0bc8bd4c78b52cfbc5f47efd329e63a
O-WUYdJIDRNO9f1P-24DLIndqZa-IExQTRgKGbnXvqU,9d939af6203c51087cefc096ae5e3bb3
C6TvL5HJxoeNycj42LbN9PzqyqlY1mZs3E9O2SbtYMI,8cfce5b502fb66e7a0193444871782e7
C6TvL5HJxoeNycj42LbN9PzqyqlY1mZs3E9O2SbtYMI,f8098ab6433bb96bd160b868b3e7db73
C6TvL5HJxoeNycj42LbN9PzqyqlY1mZs3E9O2SbtYMI,10a6d304830e69d3efc8e09ecc2132fa
C6TvL5HJxoeNycj42LbN9PzqyqlY1mZs3E9O2SbtYMI,98ab46becdf4568b01f065dcc6ee9585
Wyojww01j4Ki2Kcz0Ejp2wlLV-J9WXgnsLZJQI6PTTA,486f79ff6a04763dae134bf13eb7c0c8
Wyojww01j4Ki2Kcz0Ejp2wlLV-J9WXgnsLZJQI6PTTA,acaf5ea5ae2650294ee47a823b022d65
DLh97j9lZlhTpcQUEbknAYhOwPt2kCm38I51myoU31g,2304e5fdf556dfc280d83d865111c939
DLh97j9lZlhTpcQUEbknAYhOwPt2kCm38I51myoU31g,4bff9260e4123c291281f80896c0ba92
DLh97j9lZlhTpcQUEbknAYhOwPt2kCm38I51myoU31g,b065d16f50e8964374611cfd355f9f3d
YOmie_TGN_2YWCrdKbC6lUmlftVdlLyzNk7p1id69WE,c8f3d10041f74176b4484146a37dedaf
YOmie_TGN_2YWCrdKbC6lUmlftVdlLyzNk7p1id69WE,a85ff81e7852a9faeee91d611a5c373b
YOmie_TGN_2YWCrdKbC6lUmlftVdlLyzNk7p1id69WE,129b53e312cefddab7b015af1724ed45
YOmie_TGN_2YWCrdKbC6lUmlftVdlLyzNk7p1id69WE,73c9156967084e0c8028124e9e9b1866
ExlRs_DoqMdlnIhGWQ9PhyD--VGy4HPJuslo4_u1F3w,55d4cb80765a4f0c6c0aa8ea42113904
ExlRs_DoqMdlnIhGWQ9PhyD--VGy4HPJuslo4_u1F3w,cdadcd7fcc8c7d6ad68b54abbf1b0501
ExlRs_DoqMdlnIhGWQ9PhyD--VGy4HPJuslo4_u1F3w,7cbd8701d6f299cf6e90c9cd478db224
ExlRs_DoqMdlnIhGWQ9PhyD--VGy4HPJuslo4_u1F3w,b667f18bc1f0c0c8deb47e684dc2d33c
UjdkaKfwVBHiRzjusSnW42fMvC05bsrSFp5KPnZ6tvM,259e773caf2e47bea1b6c4ea36a58741
UjdkaKfwVBHiRzjusSnW42fMvC05bsrSFp5KPnZ6tvM,2716affe1c0b72c670f368bfc857339f
UjdkaKfwVBHiRzjusSnW42fMvC05bsrSFp5KPnZ6tvM,1e40d9e80765b812f83748d9c96342cd
hRu-siknwE4U3hmSWpoJjIoxecD8v0w0jdE62AsGPpE,3c18154b4aa151f6de6bc8f293025210
hRu-siknwE4U3hmSWpoJjIoxecD8v0w0jdE62AsGPpE,caa1a48f21d232fb4a6f78026e1bd4cd
hRu-siknwE4U3hmSWpoJjIoxecD8v0w0jdE62AsGPpE,4b8fc694eac0775f484fafac8d072c83
hRu-siknwE4U3hmSWpoJjIoxecD8v0w0jdE62AsGPpE,8048aabbea760daea44b85ba7dd2e646
hRu-siknwE4U3hmSWpoJjIoxecD8v0w0jdE62AsGPpE,c0d69309a907f603d38caf9acd20c61a
QRGlgUXKL5x0xOqFjD71FrwBg1ewMY1fF0nPMB_7fYA,93a209636c884645dc74c1946ab249d3
QRGlgUXKL5x0xOqFjD71FrwBg1ewMY1fF0nPMB_7fYA,cabdb15c014e52367abe58d6dfe0f8d1
TnqnaOTE6NFO_PYJVwdLVDHyNv4ijA1r2ZblCl_Gr2Y,81d1fd0a79c0c34c646d56e23b72a1c8
TnqnaOTE6NFO_PYJVwdLVDHyNv4ijA1r2ZblCl_Gr2Y,da71225807227969286882a6221a9ccf
TnqnaOTE6NFO_PYJVwdLVDHyNv4ijA1r2ZblCl_Gr2Y,59048ef5f59a44b8713c5df2bea2d4d5
2FXVWCFPSgSqnTSjOif2Z8s7GaRfe0GaD9eJfktnGkU,bcc191d1eb4024d4ea7d93ce52374c17
2FXVWCFPSgSqnTSjOif2Z8s7GaRfe0GaD9eJfktnGkU,789998d77b5d7c68e83daac765a3f7d9
2FXVWCFPSgSqnTSjOif2Z8s7GaRfe0GaD9eJfktnGkU,aa6dc692dc8c83c9a0ddec7ece8d2214
_OwGY4b-GDYGS_ItNTmO1Pe7iffOPxQYXfOA_PwArrw,142fae659b67bb825f13e73b654a55ae
_OwGY4b-GDYGS_ItNTmO1Pe7iffOPxQYXfOA_PwArrw,46fffb79bd6204bd8309c0f42eb8c23e
_OwGY4b-GDYGS_ItNTmO1Pe7iffOPxQYXfOA_PwArrw,b5c486bd1237eb11ded496b70e69a967
LMRhpdER4a5mtfAkWkcGi_5Lltr_Y5-yKRlYKKsRv6I,087c6ddd3ed2375230f8deb0ff15a170
LMRhpdER4a5mtfAkWkcGi_5Lltr_Y5-yKRlYKKsRv6I,af3bd3c809a5d8b70ef2c160359f8265
_zFbooQZB3_hn2xiodGKyOwLG3NDhLQoFdaVQGCFngQ,b99a7b32c1800a92ecae531612418f12
_zFbooQZB3_hn2xiodGKyOwLG3NDhLQoFdaVQGCFngQ,8bb77925002c996e964991118ac9ea17
q1FueQkgYQ_wcgSXzw-rr9w_CFhDtWcO81iyWO-wrK8,d64cb2949bebf562ef34d471cb441fb7
q1FueQkgYQ_wcgSXzw-rr9w_CFhDtWcO81iyWO-wrK8,498e9a8c873e0e30dda9232d2d3aed51
q1FueQkgYQ_wcgSXzw-rr9w_CFhDtWcO81iyWO-wrK8,b67c9b23c167012da6bd595e9d2bef06
S96FNXGFNwHK6maWsuqxSSV7ZuiROU8ugIViJYxc98c,e8b777cf9480dea666b7b7089951ff42
S96FNXGFNwHK6maWsuqxSSV7ZuiROU8ugIViJYxc98c,651469f950e9e33b477849cf53df7fdf
WL-KMPCuuVLSa3mJyiNXnGTHvoygZEl4u0URI5DWULc,dd00a0bc5c798a1c88c1386f8904eb9a
WL-KMPCuuVLSa3mJyiNXnGTHvoygZEl4u0URI5DWULc,ba1ab8cdffcaaab3ca76b4acd5f75284
On9nvvHciXProeyQXc4Ri7faRUQnUedSDhrsBB-4zX0,32ec4ff35c1a43965d98ca1dba6afcf6
On9nvvHciXProeyQXc4Ri7faRUQnUedSDhrsBB-4zX0,65f2fed34a6a09928db47ccdb2de5ef9
On9nvvHciXProeyQXc4Ri7faRUQnUedSDhrsBB-4zX0,f74bdfe1faa609fa23bb0fb301d4fda1
On9nvvHciXProeyQXc4Ri7faRUQnUedSDhrsBB-4zX0,338df71a4b73b870fc66a10b4feb92cc
z9cb1ndBimIRPNN38mlLm5a807cBlZkUPFBz6mMM0nM,80fc5e3f59fc338f7b28e2620594b40d
z9cb1ndBimIRPNN38mlLm5a807cBlZkUPFBz6mMM0nM,fa7f2ae6a8261e22bc082bb2b605d167
R-uZM5uDBDxVmu9mPv3JJbVGJTmo0T3G52H5Qs3XpKk,1902340ce2567a4de72998d381f4159a
R-uZM5uDBDxVmu9mPv3JJbVGJTmo0T3G52H5Qs3XpKk,b3f338c8d182886adf7b1b641fa70693
R-uZM5uDBDxVmu9mPv3JJbVGJTmo0T3G52H5Qs3XpKk,bbeec988e7a742cd5d394eb4875aefd3
I6SMIUIACvpEJpx63AVVaj4tKdJbsw9DpyWK2r94GgQ,54f31324c7f0e1d88a2e681f88505558
I6SMIUIACvpEJpx63AVVaj4tKdJbsw9DpyWK2r94GgQ,c5771e6d2b35a8dbf23d89f7bad15b21
I6SMIUIACvpEJpx63AVVaj4tKdJbsw9DpyWK2r94GgQ,2d1d9473cde159f56c7c30445e23d1ea
MCJTwdYUwGWP_9q1M5VWBDMCn-wpAkoXchzv1piAsmI,2f1cc144d8400df0d07c98efcb0129ec
Eju1_wRfN5KKQP0Ca-VPlDx0iit-xJ3wxH7EM-Xs8NY,94649d89b8442426612316e21f340d65
Eju1_wRfN5KKQP0Ca-VPlDx0iit-xJ3wxH7EM-Xs8NY,b6ebdaa78737e93b270d8656b1dd1012
FJiz276i4gOtso-HxLnNh6aeMv-pmOYV-u_40s_tuRE,e74bad4db08f77a52450379adb09d674
FJiz276i4gOtso-HxLnNh6aeMv-pmOYV-u_40s_tuRE,e5a6857de8abf3d81fcc697d67065551
Td6kxoGAg5AwM1imBFbc30-x8CCOF3aBC1G-ZpeUaVk,f370a08c1b19d7ec29de95b0c5f09d7f
Td6kxoGAg5AwM1imBFbc30-x8CCOF3aBC1G-ZpeUaVk,1e5349a1da297de1a714a338093fb51d
Td6kxoGAg5AwM1imBFbc30-x8CCOF3aBC1G-ZpeUaVk,36d545553b830e090e962e883aba13ee
Td6kxoGAg5AwM1imBFbc30-x8CCOF3aBC1G-ZpeUaVk,fe9e32e74e1a5b6cdbed100bba947382
Td6kxoGAg5AwM1imBFbc30-x8CCOF3aBC1G-ZpeUaVk,dffcecbb3ed5af6c8404ff44c7d8b55e
3hpDSNj5_25ceylKU4jJLSldgKCE4QJRGi2mmPqAcOA,9a685a95bdbc4e24bf7b6e7653b4aa17
3hpDSNj5_25ceylKU4jJLSldgKCE4QJRGi2mmPqAcOA,6b25639753d2cecde54f99523f675ccc
3hpDSNj5_25ceylKU4jJLSldgKCE4QJRGi2mmPqAcOA,d5cc73027431175b7b4e4217b7ff56dd
URsAqyO4RDQ-SlMDOJ-GlD0OVoCh256Pf_XYtIJHoU4,8eee96f175ba57760904a56e7b4a5fe7
URsAqyO4RDQ-SlMDOJ-GlD0OVoCh256Pf_XYtIJHoU4,848451a9893aaa00c08d5b34ee021117
URsAqyO4RDQ-SlMDOJ-GlD0OVoCh256Pf_XYtIJHoU4,f1ffd1d3f6ae94bd9dde5f35f55c4714
3ArIaaPCyGhdCpgQtqN3VSJfdOglct9hjUX6aoq3xrM,a9c921021eb5d9da4149855a12e6b691
3ArIaaPCyGhdCpgQtqN3VSJfdOglct9hjUX6aoq3xrM,26e8d16b8c98976d74fb763ea4b48fc6
3ArIaaPCyGhdCpgQtqN3VSJfdOglct9hjUX6aoq3xrM,ec201a6238d23eb0f3101e1e88beb9ce
3ArIaaPCyGhdCpgQtqN3VSJfdOglct9hjUX6aoq3xrM,b7b47decbd372444fbe434d3f4f58246
9UFHG00TNhVCbt815jL-xCLVUPEuUdDO0yHBPjYoAVk,2438d3df76351022b0dcc1a6dc73dee1
9UFHG00TNhVCbt815jL-xCLVUPEuUdDO0yHBPjYoAVk,3986a8553c93f50236aabd06341ae42e
9UFHG00TNhVCbt815jL-xCLVUPEuUdDO0yHBPjYoAVk,85100a6e6286ee25ee81151adfbb721b
gbOA_pKwN8NQJzx8oh_wTCbJ5I2qdFvMEHX13gffEQs,9cdd792af280d923679ecc9b98a05b3e
gbOA_pKwN8NQJzx8oh_wTCbJ5I2qdFvMEHX13gffEQs,0504b138334381f867acd7f540451516
ciQGNWqXFbUG0X0oOCSQdOG_LNhPYJP1CoiUAonmYPU,c3eb2e48eb4c29158485c4b888f45f8a
ciQGNWqXFbUG0X0oOCSQdOG_LNhPYJP1CoiUAonmYPU,a7f664e54685ee9c8cfac9ff69fc5aca
ciQGNWqXFbUG0X0oOCSQdOG_LNhPYJP1CoiUAonmYPU,e945c935c658cce6c2e9c6f63a7a838d
ciQGNWqXFbUG0X0oOCSQdOG_LNhPYJP1CoiUAonmYPU,6a598ca3e1cd028769bab3f436f53aa0
ciQGNWqXFbUG0X0oOCSQdOG_LNhPYJP1CoiUAonmYPU,36ebe2e1ba676f0c83d6fb9373b08c85
8U4gOvl_8Vxtl_z4R0vCzHlP1yh_zQy3P5UqpXbZYTY,5da79e93062216ba4fff6ee0c7759bc1
8U4gOvl_8Vxtl_z4R0vCzHlP1yh_zQy3P5UqpXbZYTY,408533f7b7f185bac9f4252223231965
d5H9abc2bG5ZGZwxq-6RviKO0P_gHhZ7Gv5-mMc7F4s,26c932b1f62a3e966c47758f2bebbdae
d5H9abc2bG5ZGZwxq-6RviKO0P_gHhZ7Gv5-mMc7F4s,7329950bbfdc741582178a5f10fab680
LeCGtlzUFtZP6Nie0qM1oT0ekp_TxQaccvBn_DyMdqc,1271a18a79f009030f30765fd85f72da
LeCGtlzUFtZP6Nie0qM1oT0ekp_TxQaccvBn_DyMdqc,ddfc61be626c20fdd6f1f9cb4ff2068c
tGS2BVEi9Qo6wt-O3AYsb5-CTHP-rcDKjsgQTKvBLd0,558a429562662f1b110f39f039a11e55
tGS2BVEi9Qo6wt-O3AYsb5-CTHP-rcDKjsgQTKvBLd0,2642745376df0e097a807b2af6846da5
tGS2BVEi9Qo6wt-O3AYsb5-CTHP-rcDKjsgQTKvBLd0,249751074c29ca31abe4d739619e31e1
tGS2BVEi9Qo6wt-O3AYsb5-CTHP-rcDKjsgQTKvBLd0,d56859ad8676a61ba02b3ee973572dc0
tGS2BVEi9Qo6wt-O3AYsb5-CTHP-rcDKjsgQTKvBLd0,263303cf5af748f9f017cd2dfae8b522
ybQWJXvc-zx1kYtlTwfSChUBV95bO34weqngDFBl7zc,aa51d9ed289de7c88508e2e6a76d0247
ybQWJXvc-zx1kYtlTwfSChUBV95bO34weqngDFBl7zc,f645a5a753dd3e5ddfb4c191735c159d
ybQWJXvc-zx1kYtlTwfSChUBV95bO34weqngDFBl7zc,546999b2def031cd66fe69401024d55d
07P1Yi2alvpi0MtJTu7-TmoT5E3x2dABQKiuu_jcnLU,9d409c00648ecf8303ee757698b26be9
07P1Yi2alvpi0MtJTu7-TmoT5E3x2dABQKiuu_jcnLU,5a45cd5758d9380accad2a11a742eabe
J95sC19riKqdSrsOQh8hNfN_vqpUdYqGeoXKxzVaioU,9968c555939031cfc7748848e6ee5896
J95sC19riKqdSrsOQh8hNfN_vqpUdYqGeoXKxzVaioU,9438fc1c1f9bce7ae443d36d7918f0d3
J95sC19riKqdSrsOQh8hNfN_vqpUdYqGeoXKxzVaioU,d0367b3ad62c8f867bfcbe9cf05a9fb1
J95sC19riKqdSrsOQh8hNfN_vqpUdYqGeoXKxzVaioU,d07a7982d0f350dc6ab9977f9a6cd3e4
J95sC19riKqdSrsOQh8hNfN_vqpUdYqGeoXKxzVaioU,e6904c3080e11e54231ae39c045d5078
J95sC19riKqdSrsOQh8hNfN_vqpUdYqGeoXKxzVaioU,ec0d9b02968651a54ede11a71e002e40
J95sC19riKqdSrsOQh8hNfN_vqpUdYqGeoXKxzVaioU,31c7a7e29b8933b1287576ed45fa1c08
sT2J6ZYhZch-m0azKHNV9fPVY0GSLEo6mG1oYy7Dwbo,ee93430819a0759cef31133a450c307e
sT2J6ZYhZch-m0azKHNV9fPVY0GSLEo6mG1oYy7Dwbo,c1a3fa3ee73e6042d263cca753b20ad1
GL4czIdF7siAH4SMs4buOGaFb48mKGeB8av3wzSRUww,2c2bc6ca18d677721ec803b903103360
GL4czIdF7siAH4SMs4buOGaFb48mKGeB8av3wzSRUww,6502fe45641b092f48d409367bd8514e
CdGmN49IuFUblUTnOUmDraKKgTn3eC0SpJajr6qRfVQ,825b7c73bd7d9d37d0f78f9e2fe14b5b
CdGmN49IuFUblUTnOUmDraKKgTn3eC0SpJajr6qRfVQ,eeab0e35424105e96341217ab655cd66
tCOAShvXLzKE13qSmwOsQgb1JzpZczOVK0mCgCHtd6U,7ddf38cc482ecb65b321ba12b436b213
DstnNPfFBk1UKZQfVLGUeuNYj4sSJ8Ne4oeYYNi2r1U,c61cf3dfade75708a970fadfaa65b96c
DstnNPfFBk1UKZQfVLGUeuNYj4sSJ8Ne4oeYYNi2r1U,5321e270566df468ade1ae75dfecfffa
DstnNPfFBk1UKZQfVLGUeuNYj4sSJ8Ne4oeYYNi2r1U,37a1075be266e0c36ca7fd43ed9f3639
DstnNPfFBk1UKZQfVLGUeuNYj4sSJ8Ne4oeYYNi2r1U,e47e5b8990ab831124272a5dc6575621
qVRgS1dTySlWQtenEvTek_2pc4NXSuz5C20SnURHnfw,7302f75daf7e05b9454a22e58c3764b3
qVRgS1dTySlWQtenEvTek_2pc4NXSuz5C20SnURHnfw,c7c70f586cf23014648f07ade8bb337e
qVRgS1dTySlWQtenEvTek_2pc4NXSuz5C20SnURHnfw,c5639f5339690b8c666e4acc3175218d
qVRgS1dTySlWQtenEvTek_2pc4NXSuz5C20SnURHnfw,b492213e3dc5156d01b93949d03d4389
qVRgS1dTySlWQtenEvTek_2pc4NXSuz5C20SnURHnfw,cb38c7fd883be6f193b3f52d69d49d0a
qVRgS1dTySlWQtenEvTek_2pc4NXSuz5C20SnURHnfw,38ba4afa43181697fb68d3df6e8d2572
qVRgS1dTySlWQtenEvTek_2pc4NXSuz5C20SnURHnfw,9b59add10b17e5724745fef15c5c1926
RJ8cPrCV1zY7oR0FsOf7SisLFKl8GQr6SFHuGHEm_5A,4febd6f04a1554d629c24b35173c44d0
RJ8cPrCV1zY7oR0FsOf7SisLFKl8GQr6SFHuGHEm_5A,3e4172028c752c3984934b2666436376
RJ8cPrCV1zY7oR0FsOf7SisLFKl8GQr6SFHuGHEm_5A,f38130c8ecbca71b6913a051c49f98f7
bQR-tfBhbWL0hmBtlHxCywBTXGeunwcwUtMmrkhN-TA,866c0e0b5390b356813af04c466928b3
bQR-tfBhbWL0hmBtlHxCywBTXGeunwcwUtMmrkhN-TA,8b16daea6768b92fb27997f76215aa5f
l2MmaBYj5jHK-6izflgKdfQJ9VfeMtM4zw5bXMjUpwY,22f38d7c38cd05f5dfa9842a952cad15
l2MmaBYj5jHK-6izflgKdfQJ9VfeMtM4zw5bXMjUpwY,73cf9a8cd3d3d5cef2b8ebc7b252b6d2
cDnrwu0ja1pmgc8jHlqtuTJPdn-rIhvOF1X_Jq1pKfQ,82206a7293be9693168de0f5d766fe2e
cDnrwu0ja1pmgc8jHlqtuTJPdn-rIhvOF1X_Jq1pKfQ,24abbb13f28c4e503b688a943be542f9
cDnrwu0ja1pmgc8jHlqtuTJPdn-rIhvOF1X_Jq1pKfQ,89c29fa73040d1c016e8ec5bfac774f7
EyXlLXKS0K0XLKpbVUaBdR7e1G8xVRSc63G42DqViwU,f5ad3542127244f6a8fa2fd28a80cb75
EyXlLXKS0K0XLKpbVUaBdR7e1G8xVRSc63G42DqViwU,f0cd34f74e10386562f7a0c5d991bd56
6yP1-b5Xwyrks-r-LvuIgt4gSkvUu6HbVHds-jHNX0Q,c3df55c1c6c4bc064cc3da909168b60b
6yP1-b5Xwyrks-r-LvuIgt4gSkvUu6HbVHds-jHNX0Q,9356aeb47e6b52583208957bf9bc732a
s73uwxdvhJuFb0X_OsdUA1BhMk5gx4RmzNw0cwy_2Fw,28f64f63834943470ee5dfbd611e498a
s73uwxdvhJuFb0X_OsdUA1BhMk5gx4RmzNw0cwy_2Fw,b30acd194bee438ef7d7e6e503cc1a2e
YIo9tBpN-5zvDMu_wB9S-wsjLnXi8iX2PrvTV67S0TQ,2ba5e0081ff6d376567b967f0f810bf5
YIo9tBpN-5zvDMu_wB9S-wsjLnXi8iX2PrvTV67S0TQ,9383c7fe8be19518863ad691b54dc748
qv6JH6LnbT2ic1L1jTazcselRAtw04meEvo10mrf-Kw,d0f486415b71914f0f708d0fb6572d3a
qv6JH6LnbT2ic1L1jTazcselRAtw04meEvo10mrf-Kw,b3822713c8c0a693737740b6c127c677
qv6JH6LnbT2ic1L1jTazcselRAtw04meEvo10mrf-Kw,07f99f5484c2aed56c63120c7e3afdac
CWdfHbHsgGnj5jTc1478UQhGguuciXD5MNEBOtvyB3k,a4390afd1eb1cc987a54ff0e2c233e01
CWdfHbHsgGnj5jTc1478UQhGguuciXD5MNEBOtvyB3k,0404dd547677d8664bfa5dc60b77439f
jk6gkCEKfRYwvt5ghnQ_-fQZ15Pp_HZAfiFAhrGodUI,331583e9647287339e79016915d644e2
jk6gkCEKfRYwvt5ghnQ_-fQZ15Pp_HZAfiFAhrGodUI,0188b0a27a2544b66186f051c478ff42
YJiHDNNjFmbhily1zzbtnGUxVk5sFHRBOjDZQvjvyl0,ab1a42e8d7414b299e494e011bfcd4db
YJiHDNNjFmbhily1zzbtnGUxVk5sFHRBOjDZQvjvyl0,c4113f0eaaf3151d46f25598017dda4e
OOii9fHGTjHrKyuFhsKUyvSFSRDN4ebpt-yR6gK7Uh8,2817991529fc479be5fe2e7b1337917b
OOii9fHGTjHrKyuFhsKUyvSFSRDN4ebpt-yR6gK7Uh8,51e4435310961dd62122a0d2bc1f42ea
C8kR58Bg0CKU-zFCa6TrftedwuJcB0fc4668peTaQAI,d5fd8bc7fcce19b30a4ba5c303f53b48
C8kR58Bg0CKU-zFCa6TrftedwuJcB0fc4668peTaQAI,8d2b2af4541b71c7a44465001702add6
C8kR58Bg0CKU-zFCa6TrftedwuJcB0fc4668peTaQAI,5c9783c21ec0a8c5deb8f9bf73d90c43
xyvqTS26F9h3DrmT1OUeyxCqwVfpMBxpuHe4346Jv6E,c9bb3296bb6322db577cf32df5beea35
xyvqTS26F9h3DrmT1OUeyxCqwVfpMBxpuHe4346Jv6E,4049b3c6c1efbf634c3b3cd5ca6d5f7f
xyvqTS26F9h3DrmT1OUeyxCqwVfpMBxpuHe4346Jv6E,9306221026ff2d74db6a09baa70d80d4
xyvqTS26F9h3DrmT1OUeyxCqwVfpMBxpuHe4346Jv6E,b87f0cb59d2ed1629615f6e51b51dd55
enh8WbWz9Ol669Z5u-vLDF820m2dn9iICA9_z6jl_lQ,050845503e627e6aa3246b5d963dc884
enh8WbWz9Ol669Z5u-vLDF820m2dn9iICA9_z6jl_lQ,861864f196012a4e33be727cf50ef71a
enh8WbWz9Ol669Z5u-vLDF820m2dn9iICA9_z6jl_lQ,061f791ab8419fd44e9217ade1684615
59bc2765681516389ccf4548,c5bb324e9b662420261ac459da29108a
59bc2765681516389ccf4548,ad160cc1f2644faaf9a4cfe2c1cee230
mmOmP7TCGUdK25p1IvmmBm2GlwVF7FT8u5cIcrd1cTY,84a98f54275741e10e24b6c1e2a048cc
mmOmP7TCGUdK25p1IvmmBm2GlwVF7FT8u5cIcrd1cTY,6c2fd1f7ed1518d0f63e143b42a86aa8
j9nuG_rUFdfXXsnbwL_E-XXcIiNQmUBXtDo4_b68Zos,673f0b3ea8d9ffb4e0ed72f564361801
j9nuG_rUFdfXXsnbwL_E-XXcIiNQmUBXtDo4_b68Zos,281defeb28f6cf06e3ed299d4a0be1c6
j9nuG_rUFdfXXsnbwL_E-XXcIiNQmUBXtDo4_b68Zos,c5b6f9a1e30c28db0cbf6796d4c50705
j9nuG_rUFdfXXsnbwL_E-XXcIiNQmUBXtDo4_b68Zos,5ab1e46363186fe7da956297ff8d5dd8
a-IOPcy2snxGm88ScUOW_E3XEkvO91NNKnSQuXnfacU,9b209cc57d4a5f058135e4aca542624e
a-IOPcy2snxGm88ScUOW_E3XEkvO91NNKnSQuXnfacU,6f7352959f6d99b1e262a37b95f1b983
GOxxOMY0zUtqmNpuxACcwgm1UTpoSUExzmfLn0DEpkA,3194a074bdb40d55dd04275e6b09133e
GOxxOMY0zUtqmNpuxACcwgm1UTpoSUExzmfLn0DEpkA,8582ff96d778341eafe23e9ffb27ac6d
YOYBXyWsvE4tz70F1ntjKROmaAlKpRaatGCpWE-cHwQ,58975af1183b56628e24df0abc0af659
YOYBXyWsvE4tz70F1ntjKROmaAlKpRaatGCpWE-cHwQ,03de8ab05cf2a9a5baf4b47c7e657977
YOYBXyWsvE4tz70F1ntjKROmaAlKpRaatGCpWE-cHwQ,8d8a8bee51bfa693651b11d726b6e4f8
qwAi2syHhE8Bs5J4cZWnc02YdTI6bdJ7w1q92Fnv8_s,1d9f11941e1ef71dd20dc3d3cdf6c891
qwAi2syHhE8Bs5J4cZWnc02YdTI6bdJ7w1q92Fnv8_s,b06125c4d826cc99798134fe7daa2fbd
HXEJFm3DQqE9mcEDxke3dpTOZKF69YgoojIIN5AlW9c,01e3f680fbfe08724d493b32c1287abb
HXEJFm3DQqE9mcEDxke3dpTOZKF69YgoojIIN5AlW9c,df538a391d76a2b127d64b5b5f73c2e9
GcgfIRxHFeGgadhpsTw7a5bhm_K3rxDKn8uBDytZ9p0,ea83461a39aa7b57060a35b3e50c1370
GcgfIRxHFeGgadhpsTw7a5bhm_K3rxDKn8uBDytZ9p0,d2a10f705bc3f1c1b0e4f28dd0ced0df
GcgfIRxHFeGgadhpsTw7a5bhm_K3rxDKn8uBDytZ9p0,664db4f7219dd5ba9b287ffd90196a6e
v3ClQb9YrQhd827TorO4lK6E0tXA7FdnOJWrVrfLSWw,fc50f26108b80d27eec517801c20ad2b
v3ClQb9YrQhd827TorO4lK6E0tXA7FdnOJWrVrfLSWw,6ad1c756d32e729ce97f003f9aa53681
ela3K7d9qiwzugqKZNlQXf8SKGvTCYN9Uwoj6RdRDBk,fc5b6f2bb07a2b65d413e07fe3c15174
ela3K7d9qiwzugqKZNlQXf8SKGvTCYN9Uwoj6RdRDBk,bde08ba10b6e63e1cff759a11d56c90c
ela3K7d9qiwzugqKZNlQXf8SKGvTCYN9Uwoj6RdRDBk,b259082e8b764ae9294d84b2888581be
pozisiuLWWhbGu0knoxSdfwUaXBHDLyJdOqiTLAlzOM,edfe47fdda791f04a40ebb06ad29426e
pozisiuLWWhbGu0knoxSdfwUaXBHDLyJdOqiTLAlzOM,4077aca20a6cd729b317759b9ecabfeb
pozisiuLWWhbGu0knoxSdfwUaXBHDLyJdOqiTLAlzOM,45af5387ebac27f1158bc3005ee341a9
Wyojww01j4Ki2Kcz0Ejp2wlLV-J9WXgnsLZJQI6PTTA,05ea76e0a24fd5e66b004b603505035b
Wyojww01j4Ki2Kcz0Ejp2wlLV-J9WXgnsLZJQI6PTTA,76e7441c3a32ae5fd750c61c122be0e8
Wyojww01j4Ki2Kcz0Ejp2wlLV-J9WXgnsLZJQI6PTTA,b073b640c073f35869c906054cc73bd9
hhl4pbnq7wyXXtJbC_5AeQst0vxAkBEqcs2OD8wm0eI,ac5a611492d79849504659b932835cfd
cvDF05jdSdIyiAp3A7bMnxg2KZ0zwUksDXYsLW1w2NY,0b8738856d47e7cc82e5642478ca847d
cvDF05jdSdIyiAp3A7bMnxg2KZ0zwUksDXYsLW1w2NY,6192a1e47147429f0ddd03db40a2b952
gFvHXmK7D_urXyN3FWXxcBCeQOEaAcke6AB4ijQy8r8,22867f3573c4f98681471512988a7f26
gFvHXmK7D_urXyN3FWXxcBCeQOEaAcke6AB4ijQy8r8,d8f05d8795f44cc64c20621464b12714
Ic0j0RLvA-z6dJaMm0XhW7XOBxhjzZEK91k3mx-hO8c,af91fbfe90176faf5c2c99880c6fecc4
Ic0j0RLvA-z6dJaMm0XhW7XOBxhjzZEK91k3mx-hO8c,db3d9c5384acc76eb096ad4b854de438
Ic0j0RLvA-z6dJaMm0XhW7XOBxhjzZEK91k3mx-hO8c,ea6927e984fca48252991ffe99ad09c9
frqbjsjabZKUohS3teZCDuv7VTYTZbHWXXAakvtQd8A,31e698fbe58686c516f1de4bdf7fdb24
frqbjsjabZKUohS3teZCDuv7VTYTZbHWXXAakvtQd8A,fa3663b338b8df3c52fce0f33049d7f7
IefaN1ApNHVmqq0lHr9A-pcgxk-ZdPO6DZriRK-C1JU,27562ea009af83ad668256c1950821c3
IefaN1ApNHVmqq0lHr9A-pcgxk-ZdPO6DZriRK-C1JU,0f148df305afea0705451d3375e00a54
IefaN1ApNHVmqq0lHr9A-pcgxk-ZdPO6DZriRK-C1JU,a68acdb9a26128836e63851fcbf6600a
40jyjsY-6305fXhV2zgB2kzDoJ-oAOiEJFzFgPsHaXU,a3eb74ce49c6c4a187283855b4d33032
40jyjsY-6305fXhV2zgB2kzDoJ-oAOiEJFzFgPsHaXU,8a8252116c901f4db8eef319bcc79f79
L77kDhnDEsZqD-2UeLtToNYBTRey8gI5X_q5jXNgkt8,d2d796379ed8a8bbd13b8870e6b084ce
L77kDhnDEsZqD-2UeLtToNYBTRey8gI5X_q5jXNgkt8,f234ba13ddf37ac097d85f0d165b4dbe
L77kDhnDEsZqD-2UeLtToNYBTRey8gI5X_q5jXNgkt8,5ec5b94ae2c053b029218e08bfb622a9
Ag3NIPCk-sgJZu7DK3JisnMnanNCfoR62fTnQjPk1IY,b2a071b5cb51fe98d12dcd1279ea947d
Ag3NIPCk-sgJZu7DK3JisnMnanNCfoR62fTnQjPk1IY,8b1c0a7508aa99c39c7692ddcddea9d9
Ag3NIPCk-sgJZu7DK3JisnMnanNCfoR62fTnQjPk1IY,36fd4df70911a9d8362abd79b367d9c2
IRRl47RhJx43fBiKc_DSNTeLOQhCIkhwr-_xQPBqzyU,70d2da986fbb856c09b0fcdf005477ce
IRRl47RhJx43fBiKc_DSNTeLOQhCIkhwr-_xQPBqzyU,49600ad4cf7fde16179d354384a039c2
IRRl47RhJx43fBiKc_DSNTeLOQhCIkhwr-_xQPBqzyU,059ec25a8fe22411a8d52fc17cae3b49
UNxDQmJU62GSnqUfq7T1Bj958mAkGW0elwAyhsoj4pk,e769c0b19f54c2dbb2eada11cc3e1eb1
UNxDQmJU62GSnqUfq7T1Bj958mAkGW0elwAyhsoj4pk,5df34d4294da2a082d5e11a3e915d383
UNxDQmJU62GSnqUfq7T1Bj958mAkGW0elwAyhsoj4pk,dcb1cfb7a077409b97eb7931b19a508a
tGS2BVEi9Qo6wt-O3AYsb5-CTHP-rcDKjsgQTKvBLd0,c54670dd3bf56484e47495f912a0a33c
tGS2BVEi9Qo6wt-O3AYsb5-CTHP-rcDKjsgQTKvBLd0,42047d3096e069e278e0fc7a4de90a1e
tGS2BVEi9Qo6wt-O3AYsb5-CTHP-rcDKjsgQTKvBLd0,7f714ed1b1095cdc71e8eb97a1be480e
hsn4SIwxi7Oq1tU7M81Nc-7QDHznAaiTln5Jz04SeD4,a58061bac96c2c84d5e6bf37affd7808
hsn4SIwxi7Oq1tU7M81Nc-7QDHznAaiTln5Jz04SeD4,7e6a57e2fcabf518e9007a77d4cc4960
hsn4SIwxi7Oq1tU7M81Nc-7QDHznAaiTln5Jz04SeD4,a728275e5402bf1a484a2c46ce38af52
g5dXQOee9z0ycjenYwpludqK5JBLEXxA3VAPP7S9jj4,32fe89510c1c99e2c4998fe78b178fb2
g5dXQOee9z0ycjenYwpludqK5JBLEXxA3VAPP7S9jj4,b58937c3fce9664180253c775647d0bc
g5dXQOee9z0ycjenYwpludqK5JBLEXxA3VAPP7S9jj4,c71dc5bf1bc40f63d04863b1f86cded5
